PRAGMA foreign_keys=OFF;
BEGIN TRANSACTION;
CREATE TABLE IF NOT EXISTS "migrations" ("id" integer primary key autoincrement not null, "migration" varchar not null, "batch" integer not null);
INSERT INTO migrations VALUES(1,'0001_01_01_000000_create_users_table',1);
INSERT INTO migrations VALUES(2,'0001_01_01_000001_create_cache_table',1);
INSERT INTO migrations VALUES(3,'0001_01_01_000002_create_jobs_table',1);
INSERT INTO migrations VALUES(4,'2025_10_27_174917_create_categories_table',1);
INSERT INTO migrations VALUES(5,'2025_10_27_174920_create_products_table',1);
INSERT INTO migrations VALUES(6,'2025_10_27_174922_create_product_images_table',1);
INSERT INTO migrations VALUES(7,'2025_11_24_080307_add_sort_order_to_products_table',1);
INSERT INTO migrations VALUES(8,'2025_11_26_043015_create_clients_table',1);
INSERT INTO migrations VALUES(9,'2025_11_26_043017_create_client_prices_table',1);
INSERT INTO migrations VALUES(10,'2025_11_26_043140_add_is_admin_to_users_table',1);
INSERT INTO migrations VALUES(11,'2025_11_26_044306_create_personal_access_tokens_table',1);
INSERT INTO migrations VALUES(12,'2025_11_26_051605_add_package_info_to_products_table',1);
INSERT INTO migrations VALUES(13,'2025_11_26_130000_create_orders_table',2);
INSERT INTO migrations VALUES(14,'2025_11_26_130100_create_order_items_table',2);
INSERT INTO migrations VALUES(15,'2025_11_26_140500_add_fiscal_number_to_clients_table',3);
INSERT INTO migrations VALUES(16,'2025_11_26_150000_update_clients_table_business_name_required',4);
INSERT INTO migrations VALUES(17,'2025_11_26_160000_add_allow_piece_sales_to_clients_table',5);
INSERT INTO migrations VALUES(18,'2025_11_26_170000_add_payment_fields_to_orders_table',6);
INSERT INTO migrations VALUES(19,'2025_11_26_180000_make_phone_nullable_in_orders_table',7);
INSERT INTO migrations VALUES(20,'2025_11_26_190000_add_discount_fields_to_order_items_table',8);
INSERT INTO migrations VALUES(21,'2025_11_26_191000_add_discount_fields_to_orders_table',8);
INSERT INTO migrations VALUES(22,'2025_11_27_075420_add_fiscal_number_to_orders_table',9);
INSERT INTO migrations VALUES(23,'2025_11_28_060714_make_description_nullable_in_products_table',10);
INSERT INTO migrations VALUES(24,'2025_11_28_063459_add_has_vat_to_orders_table',11);
INSERT INTO migrations VALUES(25,'2025_11_28_082116_create_suppliers_table',12);
INSERT INTO migrations VALUES(26,'2025_11_28_082119_add_stock_fields_to_products_table',12);
INSERT INTO migrations VALUES(27,'2025_11_28_082122_create_stock_receipts_table',12);
INSERT INTO migrations VALUES(28,'2025_11_28_082124_create_stock_movements_table',12);
INSERT INTO migrations VALUES(29,'2025_11_28_085253_create_stock_receipt_items_table',12);
INSERT INTO migrations VALUES(30,'2025_11_28_091829_create_supplier_invoices_table',13);
INSERT INTO migrations VALUES(31,'2025_11_28_091832_create_supplier_invoice_items_table',13);
INSERT INTO migrations VALUES(32,'2025_11_28_162553_add_deleted_at_to_orders_table',14);
INSERT INTO migrations VALUES(33,'2025_11_28_162615_add_deleted_at_to_clients_table',14);
INSERT INTO migrations VALUES(34,'2025_11_28_162616_add_deleted_at_to_products_table',14);
INSERT INTO migrations VALUES(35,'2025_11_28_162616_add_deleted_at_to_stock_receipts_table',14);
INSERT INTO migrations VALUES(36,'2025_11_28_162616_add_deleted_at_to_supplier_invoices_table',14);
INSERT INTO migrations VALUES(37,'2025_11_28_162616_add_deleted_at_to_suppliers_table',14);
INSERT INTO migrations VALUES(38,'2025_11_28_170259_add_allow_piece_sales_to_client_prices_table',15);
INSERT INTO migrations VALUES(39,'2025_11_30_001631_add_unit_type_to_stock_receipt_items_table',16);
INSERT INTO migrations VALUES(40,'2025_11_30_001845_change_quantity_to_decimal_in_stock_receipt_items_table',17);
INSERT INTO migrations VALUES(41,'2025_11_30_003546_add_unit_type_to_supplier_invoice_items_table',18);
INSERT INTO migrations VALUES(42,'2025_12_02_054645_add_deletion_history_to_supplier_invoices_table',19);
INSERT INTO migrations VALUES(43,'2025_12_03_055304_add_unit_type_to_order_items_table',20);
INSERT INTO migrations VALUES(44,'2025_12_04_083935_add_street_number_and_unit_to_clients_table',21);
INSERT INTO migrations VALUES(45,'2025_12_04_090000_create_client_locations_table',22);
INSERT INTO migrations VALUES(46,'2025_12_05_100000_add_client_location_id_to_orders_table',22);
INSERT INTO migrations VALUES(47,'2025_12_05_110000_add_location_fields_to_orders_table',23);
INSERT INTO migrations VALUES(48,'2025_12_07_120000_add_role_to_users_table',23);
INSERT INTO migrations VALUES(49,'2026_02_19_044602_add_specs_and_barcode_to_products_table',23);
INSERT INTO migrations VALUES(50,'2026_02_21_120000_add_password_to_clients_table',24);
INSERT INTO migrations VALUES(51,'2026_03_01_120000_clients_email_login_and_nullable_store_name',25);
CREATE TABLE IF NOT EXISTS "users" ("id" integer primary key autoincrement not null, "name" varchar not null, "email" varchar not null, "email_verified_at" datetime, "password" varchar not null, "remember_token" varchar, "created_at" datetime, "updated_at" datetime, "is_admin" tinyint(1) not null default '0', "role" varchar not null default 'order_manager');
INSERT INTO users VALUES(1,'Admin','svalon95@gmail.com',NULL,'$2y$12$zfcXQUxunAbHetG9LCTTLuJ4ZWQ9jo0iNB/EpPYpTJuAWbMbko2OC',NULL,'2025-11-26 05:20:19','2025-11-26 05:20:19',1,'order_manager');
INSERT INTO users VALUES(2,'Test User','test@example.com','2025-11-26 05:20:19','$2y$12$w92p96CsC6/i.BcA02PneusufaI1T5bjzH/tBDSWhJ4TkUM7MxnIK','lZvkWww3rA','2025-11-26 05:20:19','2025-11-26 05:20:19',0,'order_manager');
CREATE TABLE IF NOT EXISTS "password_reset_tokens" ("email" varchar not null, "token" varchar not null, "created_at" datetime, primary key ("email"));
CREATE TABLE IF NOT EXISTS "sessions" ("id" varchar not null, "user_id" integer, "ip_address" varchar, "user_agent" text, "payload" text not null, "last_activity" integer not null, primary key ("id"));
INSERT INTO sessions VALUES('hNctqlBFFPINozO8jCh0fZBD5KzR0XD39P9GMJ3P',NULL,'127.0.0.1','Mozilla/5.0 (Macintosh; Intel Mac OS X 10_15_7) AppleWebKit/537.36 (KHTML, like Gecko) Chrome/145.0.0.0 Safari/537.36','YTozOntzOjY6Il90b2tlbiI7czo0MDoiOVFHdG5GWldUbDJDbUN5YkFNY0dFcmNOdUlYWDBacTdOdW5XM1ZNQyI7czo5OiJfcHJldmlvdXMiO2E6Mjp7czozOiJ1cmwiO3M6NTk6Imh0dHA6Ly9sb2NhbGhvc3Q6ODAwMC9JbWFnZXMvS2VzZSUyME1iZXR1cmluYS80MEwvZm90bzEuanBnIjtzOjU6InJvdXRlIjtOO31zOjY6Il9mbGFzaCI7YToyOntzOjM6Im9sZCI7YTowOnt9czozOiJuZXciO2E6MDp7fX19',1772423996);
INSERT INTO sessions VALUES('dBuwtCviby8fskDqMhFTrtAqyjAQ6EtZtzAr6iVU',NULL,'127.0.0.1','Mozilla/5.0 (Macintosh; Intel Mac OS X 10_15_7) AppleWebKit/537.36 (KHTML, like Gecko) Chrome/145.0.0.0 Safari/537.36','YTozOntzOjY6Il90b2tlbiI7czo0MDoiQlhxdnBQSGtJN0FSOHVycHBMWWFPbjU1WGNlcVI2SFRsRFBjcUxVUiI7czo5OiJfcHJldmlvdXMiO2E6Mjp7czozOiJ1cmwiO3M6Mjk6Imh0dHA6Ly9sb2NhbGhvc3Q6ODAwMC9zaHBvcnRhIjtzOjU6InJvdXRlIjtOO31zOjY6Il9mbGFzaCI7YToyOntzOjM6Im9sZCI7YTowOnt9czozOiJuZXciO2E6MDp7fX19',1772441181);
INSERT INTO sessions VALUES('fKc9add8NKyYo7fqMxMGoDPXkrbvIID8cMSehtXd',NULL,'127.0.0.1','Mozilla/5.0 (Macintosh; Intel Mac OS X 10_15_7) AppleWebKit/537.36 (KHTML, like Gecko) Chrome/145.0.0.0 Safari/537.36','YTozOntzOjY6Il90b2tlbiI7czo0MDoibnpQckNiQjM3clNnRVo5cEdlbHRPRFgwQ0E0dUdXcEhzdWRqWDB0dCI7czo5OiJfcHJldmlvdXMiO2E6Mjp7czozOiJ1cmwiO3M6NTk6Imh0dHA6Ly9sb2NhbGhvc3Q6ODAwMC9JbWFnZXMvS2VzZSUyME1iZXR1cmluYS80MEwvZm90bzEuanBnIjtzOjU6InJvdXRlIjtOO31zOjY6Il9mbGFzaCI7YToyOntzOjM6Im9sZCI7YTowOnt9czozOiJuZXciO2E6MDp7fX19',1772452394);
INSERT INTO sessions VALUES('I5OHBnS3HecaozprF531iOrHkhCoo1NyuuxV8m8c',NULL,'127.0.0.1','Mozilla/5.0 (Macintosh; Intel Mac OS X 10_15_7) AppleWebKit/537.36 (KHTML, like Gecko) Chrome/145.0.0.0 Safari/537.36','YTozOntzOjY6Il90b2tlbiI7czo0MDoiREhyN3BnOTB1Y3pxYlZvZ2w1ZTFHbE9pWHU5alhQN052cXNtZFRrQSI7czo5OiJfcHJldmlvdXMiO2E6Mjp7czozOiJ1cmwiO3M6NDI6Imh0dHA6Ly9sb2NhbGhvc3Q6ODAwMC9pbWFnZXMvSU1HXzY4MTUuanBlZyI7czo1OiJyb3V0ZSI7Tjt9czo2OiJfZmxhc2giO2E6Mjp7czozOiJvbGQiO2E6MDp7fXM6MzoibmV3IjthOjA6e319fQ==',1772451762);
INSERT INTO sessions VALUES('KpI5nbzKFIwmhlLxy4pV32BYWWH5JvYzt2uL6VtL',NULL,'127.0.0.1','Mozilla/5.0 (Macintosh; Intel Mac OS X 10_15_7) AppleWebKit/537.36 (KHTML, like Gecko) Chrome/145.0.0.0 Safari/537.36','YTozOntzOjY6Il90b2tlbiI7czo0MDoiYzYyU1gyelExRlZBRGp0QUJ1TFJTVHV0T3J4akgxVTg4OUFwUEFMWiI7czo5OiJfcHJldmlvdXMiO2E6Mjp7czozOiJ1cmwiO3M6NTk6Imh0dHA6Ly9sb2NhbGhvc3Q6ODAwMC9JbWFnZXMvS2VzZSUyME1iZXR1cmluYS80MEwvZm90bzEuanBnIjtzOjU6InJvdXRlIjtOO31zOjY6Il9mbGFzaCI7YToyOntzOjM6Im9sZCI7YTowOnt9czozOiJuZXciO2E6MDp7fX19',1772454539);
INSERT INTO sessions VALUES('uoydpNsKjSqqf3PODCDJDdmbpm0andW2UOnqyCgt',NULL,'127.0.0.1','Mozilla/5.0 (Macintosh; Intel Mac OS X 10_15_7) AppleWebKit/537.36 (KHTML, like Gecko) Chrome/145.0.0.0 Safari/537.36','YTozOntzOjY6Il90b2tlbiI7czo0MDoielJ1S0lrdllhbjJtNHNVTDB6T2JIZjRPcFFWN2RacDlLNWlZTXZDaCI7czo5OiJfcHJldmlvdXMiO2E6Mjp7czozOiJ1cmwiO3M6NDI6Imh0dHA6Ly9sb2NhbGhvc3Q6ODAwMC9pbWFnZXMvSU1HXzY4MTUuanBlZyI7czo1OiJyb3V0ZSI7Tjt9czo2OiJfZmxhc2giO2E6Mjp7czozOiJvbGQiO2E6MDp7fXM6MzoibmV3IjthOjA6e319fQ==',1772471843);
INSERT INTO sessions VALUES('A7qLfLzrxYIf0wjX1g2qFrjxvjdCAtKrCvw6uruG',NULL,'127.0.0.1','Mozilla/5.0 (Macintosh; Intel Mac OS X 10_15_7) AppleWebKit/537.36 (KHTML, like Gecko) Chrome/145.0.0.0 Safari/537.36','YTozOntzOjY6Il90b2tlbiI7czo0MDoiNDIzQXhZVEhIMTZOVmk4TUU0d1V3VmprNmszRThvQmZBWlBuMXhnZyI7czo5OiJfcHJldmlvdXMiO2E6Mjp7czozOiJ1cmwiO3M6NTk6Imh0dHA6Ly9sb2NhbGhvc3Q6ODAwMC9JbWFnZXMvS2VzZSUyME1iZXR1cmluYS80MEwvZm90bzEuanBnIjtzOjU6InJvdXRlIjtOO31zOjY6Il9mbGFzaCI7YToyOntzOjM6Im9sZCI7YTowOnt9czozOiJuZXciO2E6MDp7fX19',1772471846);
INSERT INTO sessions VALUES('LxE2BbjOrDTFVNRq3Gt0eUruABj1QpYPNbCwZoWy',NULL,'127.0.0.1','Mozilla/5.0 (Macintosh; Intel Mac OS X 10_15_7) AppleWebKit/537.36 (KHTML, like Gecko) Chrome/145.0.0.0 Safari/537.36','YTozOntzOjY6Il90b2tlbiI7czo0MDoiVjVLcHRmcENFVG5OWUVXNkZ1azJNTVFkdkkxM1dEN3h2cXdwaHgxQiI7czo5OiJfcHJldmlvdXMiO2E6Mjp7czozOiJ1cmwiO3M6NTk6Imh0dHA6Ly8xMjcuMC4wLjE6ODAwMC9JbWFnZXMvS2VzZSUyME1iZXR1cmluYS80MEwvZm90bzEuanBnIjtzOjU6InJvdXRlIjtOO31zOjY6Il9mbGFzaCI7YToyOntzOjM6Im9sZCI7YTowOnt9czozOiJuZXciO2E6MDp7fX19',1772486186);
INSERT INTO sessions VALUES('qAGTu6fsdhUovBaT1qQ81NMqd6NQfTfrLnFLRLfS',NULL,'127.0.0.1','Mozilla/5.0 (Macintosh; Intel Mac OS X 10_15_7) AppleWebKit/537.36 (KHTML, like Gecko) Cursor/2.5.25 Chrome/142.0.7444.265 Electron/39.4.0 Safari/537.36','YTozOntzOjY6Il90b2tlbiI7czo0MDoiMldMWmZxRFJFcXdSN3k3M2RGTjZsVjNqdFF2enV4dUs1SDk3akxEaCI7czo5OiJfcHJldmlvdXMiO2E6Mjp7czozOiJ1cmwiO3M6Mjc6Imh0dHA6Ly8xMjcuMC4wLjE6ODAwMC9zdy5qcyI7czo1OiJyb3V0ZSI7Tjt9czo2OiJfZmxhc2giO2E6Mjp7czozOiJvbGQiO2E6MDp7fXM6MzoibmV3IjthOjA6e319fQ==',1772486467);
INSERT INTO sessions VALUES('9vS2WSA0TQlhx9vYBF1xiUVGBRGERApVRm9EaGpk',NULL,'127.0.0.1','Mozilla/5.0 (Macintosh; Intel Mac OS X 10_15_7) AppleWebKit/537.36 (KHTML, like Gecko) Chrome/145.0.0.0 Safari/537.36','YTozOntzOjY6Il90b2tlbiI7czo0MDoidVY4QWYyaFNWZEVOQVdZQ1pMajQ1N0RQM0VtMVRCS2d6SlRxSjM4QyI7czo5OiJfcHJldmlvdXMiO2E6Mjp7czozOiJ1cmwiO3M6NTk6Imh0dHA6Ly9sb2NhbGhvc3Q6ODAwMC9JbWFnZXMvS2VzZSUyME1iZXR1cmluYS80MEwvZm90bzEuanBnIjtzOjU6InJvdXRlIjtOO31zOjY6Il9mbGFzaCI7YToyOntzOjM6Im9sZCI7YTowOnt9czozOiJuZXciO2E6MDp7fX19',1772487986);
INSERT INTO sessions VALUES('bSdtDD2d9BLd4UlPCLHtSjgCD6wkK3LETwEslnog',NULL,'127.0.0.1','Mozilla/5.0 (Macintosh; Intel Mac OS X 10_15_7) AppleWebKit/537.36 (KHTML, like Gecko) Chrome/145.0.0.0 Safari/537.36','YTozOntzOjY6Il90b2tlbiI7czo0MDoic214dnZBdUMwS0hEeHNoczhXUjhSODhBR0xxWjVDZk9EV0I5NnZoQSI7czo5OiJfcHJldmlvdXMiO2E6Mjp7czozOiJ1cmwiO3M6NTk6Imh0dHA6Ly9sb2NhbGhvc3Q6ODAwMC9JbWFnZXMvS2VzZSUyME1iZXR1cmluYS80MEwvZm90bzEuanBnIjtzOjU6InJvdXRlIjtOO31zOjY6Il9mbGFzaCI7YToyOntzOjM6Im9sZCI7YTowOnt9czozOiJuZXciO2E6MDp7fX19',1772513101);
INSERT INTO sessions VALUES('D9vSbPAF1UZzegyGo3JafmIslRUWtMmn8ms9Mdu8',NULL,'127.0.0.1','Mozilla/5.0 (Macintosh; Intel Mac OS X 10_15_7) AppleWebKit/537.36 (KHTML, like Gecko) Chrome/145.0.0.0 Safari/537.36','YTozOntzOjY6Il90b2tlbiI7czo0MDoiejYxVmk3azg4V0NIanMxUWJHSFQ2bWpQaHBERW4ycFRJaEdkT3AxZiI7czo5OiJfcHJldmlvdXMiO2E6Mjp7czozOiJ1cmwiO3M6NDI6Imh0dHA6Ly9sb2NhbGhvc3Q6ODAwMC9pbWFnZXMvSU1HXzY4MTUuanBlZyI7czo1OiJyb3V0ZSI7Tjt9czo2OiJfZmxhc2giO2E6Mjp7czozOiJvbGQiO2E6MDp7fXM6MzoibmV3IjthOjA6e319fQ==',1772555102);
INSERT INTO sessions VALUES('8XLa1HoGp05BI3rhYTjeU9A6e13ZgJs7QfGWMHmi',NULL,'127.0.0.1','Mozilla/5.0 (Macintosh; Intel Mac OS X 10_15_7) AppleWebKit/537.36 (KHTML, like Gecko) Chrome/145.0.0.0 Safari/537.36','YTozOntzOjY6Il90b2tlbiI7czo0MDoiOWNVejdMVnBUUlBUdnU4a1AwVjdDMGhvSGo2eXJMSEF2c1FmUWxEVCI7czo5OiJfcHJldmlvdXMiO2E6Mjp7czozOiJ1cmwiO3M6NTk6Imh0dHA6Ly9sb2NhbGhvc3Q6ODAwMC9JbWFnZXMvS2VzZSUyME1iZXR1cmluYS80MEwvZm90bzEuanBnIjtzOjU6InJvdXRlIjtOO31zOjY6Il9mbGFzaCI7YToyOntzOjM6Im9sZCI7YTowOnt9czozOiJuZXciO2E6MDp7fX19',1772562928);
INSERT INTO sessions VALUES('BN5JZELiU3AL0upRspS0YsgwybUf4ktjiPo5Ytzm',NULL,'127.0.0.1','Mozilla/5.0 (Macintosh; Intel Mac OS X 10_15_7) AppleWebKit/537.36 (KHTML, like Gecko) Chrome/145.0.0.0 Safari/537.36','YTozOntzOjY6Il90b2tlbiI7czo0MDoiZmpXUmJHS01hVFk5SUlOTENZZnFLVFdqQTFjNzBKRXdQbGF5aXJUOSI7czo5OiJfcHJldmlvdXMiO2E6Mjp7czozOiJ1cmwiO3M6NTk6Imh0dHA6Ly9sb2NhbGhvc3Q6ODAwMC9JbWFnZXMvS2VzZSUyME1iZXR1cmluYS80MEwvZm90bzEuanBnIjtzOjU6InJvdXRlIjtOO31zOjY6Il9mbGFzaCI7YToyOntzOjM6Im9sZCI7YTowOnt9czozOiJuZXciO2E6MDp7fX19',1772576291);
INSERT INTO sessions VALUES('YxjXXHbzxvs7kFUt3Ib3kT6AXawVI90UJslB9Yox',NULL,'127.0.0.1','Mozilla/5.0 (Macintosh; Intel Mac OS X 10_15_7) AppleWebKit/537.36 (KHTML, like Gecko) Chrome/145.0.0.0 Safari/537.36','YTozOntzOjY6Il90b2tlbiI7czo0MDoiQm9ZZnBMMHRGUkxVMlNwU3NBdnBJRVBLYWxMNjZJMU9KTVFoZDZKdSI7czo5OiJfcHJldmlvdXMiO2E6Mjp7czozOiJ1cmwiO3M6NTk6Imh0dHA6Ly9sb2NhbGhvc3Q6ODAwMC9JbWFnZXMvS2VzZSUyME1iZXR1cmluYS80MEwvZm90bzEuanBnIjtzOjU6InJvdXRlIjtOO31zOjY6Il9mbGFzaCI7YToyOntzOjM6Im9sZCI7YTowOnt9czozOiJuZXciO2E6MDp7fX19',1772599304);
INSERT INTO sessions VALUES('kZes2mFflChij4gjt1XESKAghg3RnwEvltPa4Yl2',NULL,'127.0.0.1','Mozilla/5.0 (Macintosh; Intel Mac OS X 10_15_7) AppleWebKit/537.36 (KHTML, like Gecko) Chrome/145.0.0.0 Safari/537.36','YTozOntzOjY6Il90b2tlbiI7czo0MDoiVDNxanFjb1JCT0liSWVsdU9WRVFVU2hRalY2MlRPd2IwYUF1WnhxeiI7czo5OiJfcHJldmlvdXMiO2E6Mjp7czozOiJ1cmwiO3M6NTk6Imh0dHA6Ly9sb2NhbGhvc3Q6ODAwMC9JbWFnZXMvS2VzZSUyME1iZXR1cmluYS80MEwvZm90bzEuanBnIjtzOjU6InJvdXRlIjtOO31zOjY6Il9mbGFzaCI7YToyOntzOjM6Im9sZCI7YTowOnt9czozOiJuZXciO2E6MDp7fX19',1772619474);
INSERT INTO sessions VALUES('t0eajtoB8HONNuvyQXRZUurznTTUu7TbIUhyIuPi',NULL,'127.0.0.1','Mozilla/5.0 (Macintosh; Intel Mac OS X 10_15_7) AppleWebKit/537.36 (KHTML, like Gecko) Chrome/145.0.0.0 Safari/537.36','YTozOntzOjY6Il90b2tlbiI7czo0MDoiYkhoWjRsbE96Q3pWV2V6eUg0MmhMUVlBOG5Oc0xWNm9RRmJiTXR3eSI7czo5OiJfcHJldmlvdXMiO2E6Mjp7czozOiJ1cmwiO3M6NTk6Imh0dHA6Ly9sb2NhbGhvc3Q6ODAwMC9JbWFnZXMvS2VzZSUyME1iZXR1cmluYS80MEwvZm90bzEuanBnIjtzOjU6InJvdXRlIjtOO31zOjY6Il9mbGFzaCI7YToyOntzOjM6Im9sZCI7YTowOnt9czozOiJuZXciO2E6MDp7fX19',1772641454);
CREATE TABLE IF NOT EXISTS "cache" ("key" varchar not null, "value" text not null, "expiration" integer not null, primary key ("key"));
INSERT INTO cache VALUES('gastro-trade-cache-5c785c036466adea360111aa28563bfd556b5fba:timer','i:1772402683;',1772402683);
INSERT INTO cache VALUES('gastro-trade-cache-5c785c036466adea360111aa28563bfd556b5fba','i:2;',1772402683);
INSERT INTO cache VALUES('gastro-trade-cache-valid_receipt_ids','a:1:{i:16;i:17;}',1772423017);
INSERT INTO cache VALUES('gastro-trade-cache-valid_order_ids','a:14:{i:0;i:35;i:1;i:36;i:2;i:37;i:3;i:38;i:4;i:39;i:5;i:41;i:6;i:42;i:7;i:43;i:8;i:44;i:9;i:45;i:10;i:46;i:11;i:47;i:12;i:48;i:13;i:49;}',1772423017);
INSERT INTO cache VALUES('aron-trade-cache-valid_receipt_ids','a:1:{i:16;i:17;}',1772555503);
INSERT INTO cache VALUES('aron-trade-cache-valid_order_ids','a:15:{i:0;i:35;i:1;i:36;i:2;i:37;i:3;i:38;i:4;i:39;i:5;i:41;i:6;i:42;i:7;i:43;i:8;i:44;i:9;i:45;i:10;i:46;i:11;i:47;i:12;i:48;i:13;i:49;i:14;i:50;}',1772555503);
CREATE TABLE IF NOT EXISTS "cache_locks" ("key" varchar not null, "owner" varchar not null, "expiration" integer not null, primary key ("key"));
CREATE TABLE IF NOT EXISTS "jobs" ("id" integer primary key autoincrement not null, "queue" varchar not null, "payload" text not null, "attempts" integer not null, "reserved_at" integer, "available_at" integer not null, "created_at" integer not null);
CREATE TABLE IF NOT EXISTS "job_batches" ("id" varchar not null, "name" varchar not null, "total_jobs" integer not null, "pending_jobs" integer not null, "failed_jobs" integer not null, "failed_job_ids" text not null, "options" text, "cancelled_at" integer, "created_at" integer not null, "finished_at" integer, primary key ("id"));
CREATE TABLE IF NOT EXISTS "failed_jobs" ("id" integer primary key autoincrement not null, "uuid" varchar not null, "connection" text not null, "queue" text not null, "payload" text not null, "exception" text not null, "failed_at" datetime not null default CURRENT_TIMESTAMP);
CREATE TABLE IF NOT EXISTS "categories" ("id" integer primary key autoincrement not null, "name" varchar not null, "slug" varchar not null, "description" text, "created_at" datetime, "updated_at" datetime);
INSERT INTO categories VALUES(1,'Pipëza','pipeza','Pipëza plastike për pije të ndryshme','2025-11-26 05:20:19','2025-11-26 05:20:19');
INSERT INTO categories VALUES(2,'Përzierës','perzieres','Përzierës kafeje dhe shkopinj druri','2025-11-26 05:20:19','2025-11-26 05:20:19');
INSERT INTO categories VALUES(3,'Alumin/Fletë','alumin-flete','Folie alumini dhe fletë të tjera','2025-11-26 05:20:19','2025-11-26 05:20:19');
INSERT INTO categories VALUES(4,'Peceta/Letër','peceta-leter','Peceta kuzhine dhe letër të pastër','2025-11-26 05:20:19','2025-11-26 05:20:19');
INSERT INTO categories VALUES(5,'Mbeturina','mbeturina','Kese mbeturinash dhe kontejnerë','2025-11-26 05:20:19','2025-11-26 05:20:19');
INSERT INTO categories VALUES(6,'Të Lagura','te-lagura','Peceta të lagura dhe baby wipes','2025-11-26 05:20:19','2025-11-26 05:20:19');
INSERT INTO categories VALUES(7,'Të Tjera','te-tjera','Produkte të tjera për kuzhinë','2025-11-26 05:20:19','2025-11-26 05:20:19');
CREATE TABLE IF NOT EXISTS "product_images" ("id" integer primary key autoincrement not null, "product_id" integer not null, "file_name" varchar not null, "file_path" varchar not null, "is_featured" tinyint(1) not null default '0', "sort_order" integer not null default '0', "created_at" datetime, "updated_at" datetime, foreign key("product_id") references "products"("id") on delete cascade);
INSERT INTO product_images VALUES(3,3,'IMG_6814.jpeg','/images/IMG_6814.jpeg',1,1,'2025-11-26 05:20:19','2025-11-26 05:20:19');
INSERT INTO product_images VALUES(4,4,'IMG_6813.jpeg','/images/IMG_6813.jpeg',1,1,'2025-11-26 05:20:19','2025-11-26 05:20:19');
INSERT INTO product_images VALUES(5,5,'IMG_6818.jpeg','/images/IMG_6818.jpeg',1,1,'2025-11-26 05:20:19','2025-11-26 05:20:19');
INSERT INTO product_images VALUES(8,8,'IMG_6815.jpeg','/images/IMG_6815.jpeg',1,1,'2025-11-26 05:20:19','2025-11-26 05:20:19');
INSERT INTO product_images VALUES(9,9,'IMG_6815.jpeg','/images/IMG_6815.jpeg',1,1,'2025-11-26 05:20:19','2025-11-26 05:20:19');
INSERT INTO product_images VALUES(10,10,'IMG_6815.jpeg','/images/IMG_6815.jpeg',1,1,'2025-11-26 05:20:19','2025-11-26 05:20:19');
INSERT INTO product_images VALUES(11,11,'IMG_6815.jpeg','/images/IMG_6815.jpeg',1,1,'2025-11-26 05:20:19','2025-11-26 05:20:19');
INSERT INTO product_images VALUES(12,12,'IMG_6815.jpeg','/images/IMG_6815.jpeg',1,1,'2025-11-26 05:20:19','2025-11-26 05:20:19');
INSERT INTO product_images VALUES(13,13,'IMG_6815.jpeg','/images/IMG_6815.jpeg',1,1,'2025-11-26 05:20:19','2025-11-26 05:20:19');
INSERT INTO product_images VALUES(14,14,'IMG_6815.jpeg','/images/IMG_6815.jpeg',1,1,'2025-11-26 05:20:19','2025-11-26 05:20:19');
INSERT INTO product_images VALUES(15,15,'IMG_6815.jpeg','/images/IMG_6815.jpeg',1,1,'2025-11-26 05:20:19','2025-11-26 05:20:19');
INSERT INTO product_images VALUES(16,16,'IMG_6815.jpeg','/images/IMG_6815.jpeg',1,1,'2025-11-26 05:20:19','2025-11-26 05:20:19');
INSERT INTO product_images VALUES(17,17,'IMG_6815.jpeg','/images/IMG_6815.jpeg',1,1,'2025-11-26 05:20:19','2025-11-26 05:20:19');
INSERT INTO product_images VALUES(18,18,'IMG_6815.jpeg','/images/IMG_6815.jpeg',1,1,'2025-11-26 05:20:19','2025-11-26 05:20:19');
INSERT INTO product_images VALUES(19,19,'IMG_6815.jpeg','/images/IMG_6815.jpeg',1,1,'2025-11-26 05:20:19','2025-11-26 05:20:19');
INSERT INTO product_images VALUES(20,20,'IMG_6815.jpeg','/images/IMG_6815.jpeg',1,1,'2025-11-26 05:20:19','2025-11-26 05:20:19');
INSERT INTO product_images VALUES(22,22,'IMG_6817.jpeg','/images/IMG_6817.jpeg',1,1,'2025-11-26 05:20:19','2025-11-26 05:20:19');
INSERT INTO product_images VALUES(26,26,'IMG_6825.jpeg','/images/IMG_6825.jpeg',1,1,'2025-11-26 05:20:19','2025-11-26 05:20:19');
INSERT INTO product_images VALUES(27,27,'IMG_6819.jpeg','/images/IMG_6819.jpeg',1,1,'2025-11-26 06:46:33','2025-11-26 06:46:33');
INSERT INTO product_images VALUES(28,28,'IMG_6822.jpeg','/images/IMG_6822.jpeg',1,1,'2025-11-26 06:46:33','2025-11-26 06:46:33');
INSERT INTO product_images VALUES(29,29,'IMG_6816.jpeg','/images/IMG_6816.jpeg',1,1,'2025-11-26 06:46:33','2025-11-26 06:46:33');
INSERT INTO product_images VALUES(30,30,'IMG_6819.jpeg','/images/IMG_6819.jpeg',1,1,'2025-11-26 06:46:33','2025-11-26 06:46:33');
INSERT INTO product_images VALUES(31,31,'IMG_6822.jpeg','/images/IMG_6822.jpeg',1,1,'2025-11-26 06:46:33','2025-11-26 06:46:33');
INSERT INTO product_images VALUES(32,32,'IMG_6816.jpeg','/images/IMG_6816.jpeg',1,1,'2025-11-26 06:46:33','2025-11-26 06:46:33');
INSERT INTO product_images VALUES(33,33,'IMG_6822.jpeg','/images/IMG_6822.jpeg',1,1,'2025-11-26 06:46:33','2025-11-26 06:46:33');
INSERT INTO product_images VALUES(34,34,'IMG_6816.jpeg','/images/IMG_6816.jpeg',1,1,'2025-11-26 06:46:33','2025-11-26 06:46:33');
INSERT INTO product_images VALUES(35,35,'lugakafe.jpeg','/images/lugakafe.jpeg',1,1,'2025-11-26 07:04:13','2025-11-26 07:04:13');
INSERT INTO product_images VALUES(37,37,'IMG_6821.jpeg','/images/IMG_6821.jpeg',1,1,'2025-11-26 08:23:41','2025-11-26 08:23:41');
INSERT INTO product_images VALUES(38,38,'IMG_6821.jpeg','/images/IMG_6821.jpeg',1,1,'2025-11-26 08:23:41','2025-11-26 08:23:41');
INSERT INTO product_images VALUES(39,39,'IMG_6821.jpeg','/images/IMG_6821.jpeg',1,1,'2025-11-26 08:23:41','2025-11-26 08:23:41');
INSERT INTO product_images VALUES(40,40,'IMG_6821.jpeg','/images/IMG_6821.jpeg',1,1,'2025-11-26 08:23:41','2025-11-26 08:23:41');
CREATE TABLE IF NOT EXISTS "client_prices" ("id" integer primary key autoincrement not null, "client_id" integer not null, "product_id" integer not null, "price" numeric not null, "notes" text, "created_at" datetime, "updated_at" datetime, "allow_piece_sales" tinyint(1) not null default '0', foreign key("client_id") references "clients"("id") on delete cascade, foreign key("product_id") references "products"("id") on delete cascade);
INSERT INTO client_prices VALUES(30,2,8,0.2200000000000000011,NULL,'2025-11-26 08:36:20','2025-11-26 08:36:20',0);
INSERT INTO client_prices VALUES(31,2,9,0.25,NULL,'2025-11-26 08:36:20','2025-11-26 08:36:20',0);
INSERT INTO client_prices VALUES(32,2,10,0.3499999999999999778,NULL,'2025-11-26 08:36:20','2025-11-26 08:36:20',0);
INSERT INTO client_prices VALUES(33,2,11,0.4199999999999999845,NULL,'2025-11-26 08:36:20','2025-11-26 08:36:20',0);
INSERT INTO client_prices VALUES(34,2,12,0.5300000000000000266,NULL,'2025-11-26 08:36:20','2025-11-26 08:36:20',0);
INSERT INTO client_prices VALUES(35,2,13,0.5999999999999999778,NULL,'2025-11-26 08:36:20','2025-11-26 08:36:20',0);
INSERT INTO client_prices VALUES(36,2,14,0.6999999999999999556,NULL,'2025-11-26 08:36:20','2025-11-26 08:36:20',0);
INSERT INTO client_prices VALUES(37,2,15,0.6999999999999999556,NULL,'2025-11-26 08:36:20','2025-11-26 08:36:20',0);
INSERT INTO client_prices VALUES(38,2,16,0.6999999999999999556,NULL,'2025-11-26 08:36:20','2025-11-26 08:36:20',0);
INSERT INTO client_prices VALUES(39,2,27,0.4500000000000000111,NULL,'2025-11-26 08:36:20','2025-11-26 08:36:20',0);
INSERT INTO client_prices VALUES(40,2,28,0.4500000000000000111,NULL,'2025-11-26 08:36:20','2025-11-26 08:36:20',0);
INSERT INTO client_prices VALUES(41,2,29,0.4500000000000000111,NULL,'2025-11-26 08:36:20','2025-11-26 08:36:20',0);
INSERT INTO client_prices VALUES(42,2,38,0.4000000000000000222,NULL,'2025-11-26 08:36:20','2025-11-26 08:36:20',0);
INSERT INTO client_prices VALUES(43,2,39,0.4500000000000000111,NULL,'2025-11-26 08:36:20','2025-11-26 08:36:20',0);
INSERT INTO client_prices VALUES(44,2,40,0.4799999999999999823,NULL,'2025-11-26 08:36:20','2025-11-26 08:36:20',0);
INSERT INTO client_prices VALUES(45,2,4,0.5999999999999999778,NULL,'2025-11-26 08:36:20','2025-11-26 08:36:20',0);
INSERT INTO client_prices VALUES(46,2,35,0.6500000000000000222,NULL,'2025-11-26 08:36:20','2025-11-26 08:36:20',0);
INSERT INTO client_prices VALUES(47,2,22,0.75,NULL,'2025-11-26 08:36:20','2025-11-26 08:36:20',0);
INSERT INTO client_prices VALUES(48,3,8,0.2399999999999999912,NULL,'2025-11-26 09:17:07','2025-11-26 09:17:07',0);
INSERT INTO client_prices VALUES(49,3,9,0.2700000000000000177,NULL,'2025-11-26 09:17:07','2025-11-26 09:17:07',0);
INSERT INTO client_prices VALUES(50,3,10,0.3499999999999999778,NULL,'2025-11-26 09:17:07','2025-11-26 09:17:07',0);
INSERT INTO client_prices VALUES(51,3,11,0.4500000000000000111,NULL,'2025-11-26 09:17:07','2025-11-26 09:17:07',0);
INSERT INTO client_prices VALUES(52,3,12,0.5400000000000000355,NULL,'2025-11-26 09:17:07','2025-11-26 09:17:07',0);
INSERT INTO client_prices VALUES(53,3,13,0.5999999999999999778,NULL,'2025-11-26 09:17:07','2025-11-26 09:17:07',0);
INSERT INTO client_prices VALUES(54,3,14,0.6999999999999999556,NULL,'2025-11-26 09:17:07','2025-11-26 09:17:07',0);
INSERT INTO client_prices VALUES(55,3,15,0.7299999999999999823,NULL,'2025-11-26 09:17:07','2025-11-26 09:17:07',0);
INSERT INTO client_prices VALUES(56,3,16,0.7299999999999999823,NULL,'2025-11-26 09:17:07','2025-11-26 09:17:07',0);
INSERT INTO client_prices VALUES(57,3,27,0.5,NULL,'2025-11-26 09:17:07','2025-11-26 09:17:07',0);
INSERT INTO client_prices VALUES(58,3,28,0.5,NULL,'2025-11-26 09:17:07','2025-11-26 09:17:07',0);
INSERT INTO client_prices VALUES(59,3,29,0.5,NULL,'2025-11-26 09:17:07','2025-11-26 09:17:07',0);
INSERT INTO client_prices VALUES(60,3,37,0.3499999999999999778,NULL,'2025-11-26 09:17:07','2025-11-26 09:17:07',0);
INSERT INTO client_prices VALUES(61,3,38,0.3800000000000000044,NULL,'2025-11-26 09:17:07','2025-11-26 09:17:07',0);
INSERT INTO client_prices VALUES(62,3,39,0.4500000000000000111,NULL,'2025-11-26 09:17:07','2025-11-26 09:17:07',0);
INSERT INTO client_prices VALUES(63,3,40,0.4799999999999999823,NULL,'2025-11-26 09:17:07','2025-11-26 09:27:35',0);
INSERT INTO client_prices VALUES(64,3,4,0.6500000000000000222,NULL,'2025-11-26 09:17:07','2025-11-26 09:17:07',0);
INSERT INTO client_prices VALUES(65,3,35,0.6500000000000000222,NULL,'2025-11-26 09:17:07','2025-11-26 09:17:07',0);
INSERT INTO client_prices VALUES(66,3,22,0.6999999999999999556,NULL,'2025-11-26 09:17:07','2025-11-26 09:17:07',0);
INSERT INTO client_prices VALUES(67,5,16,1.300000000000000044,NULL,'2025-11-27 05:59:44','2025-11-27 05:59:44',0);
INSERT INTO client_prices VALUES(68,5,3,4.5,NULL,'2025-11-27 05:59:44','2025-11-27 05:59:44',0);
INSERT INTO client_prices VALUES(69,5,37,0.5999999999999999778,NULL,'2025-11-27 05:59:44','2025-11-27 05:59:44',0);
INSERT INTO client_prices VALUES(70,5,38,0.6500000000000000222,NULL,'2025-11-27 05:59:44','2025-11-27 05:59:44',0);
INSERT INTO client_prices VALUES(71,5,39,0.6999999999999999556,NULL,'2025-11-27 05:59:44','2025-11-27 05:59:44',0);
INSERT INTO client_prices VALUES(72,5,40,0.75,NULL,'2025-11-27 05:59:44','2025-11-27 05:59:44',0);
INSERT INTO client_prices VALUES(73,5,35,0.8499999999999999778,NULL,'2025-11-27 05:59:44','2025-11-27 05:59:44',0);
INSERT INTO client_prices VALUES(74,4,12,0.5500000000000000444,NULL,'2025-11-27 06:00:46','2025-11-27 06:00:46',0);
INSERT INTO client_prices VALUES(75,4,3,4.5,NULL,'2025-11-27 06:00:46','2025-11-29 04:58:05',1);
INSERT INTO client_prices VALUES(76,4,37,0.5999999999999999778,NULL,'2025-11-27 06:00:46','2025-11-29 04:58:05',1);
INSERT INTO client_prices VALUES(77,4,38,0.6500000000000000222,NULL,'2025-11-27 06:00:46','2025-11-29 04:58:05',1);
INSERT INTO client_prices VALUES(78,4,39,0.6999999999999999556,NULL,'2025-11-27 06:00:46','2025-11-29 04:58:05',1);
INSERT INTO client_prices VALUES(79,4,40,0.75,NULL,'2025-11-27 06:00:46','2025-11-29 04:58:05',1);
INSERT INTO client_prices VALUES(80,4,35,0.8000000000000000444,NULL,'2025-11-27 06:00:46','2025-11-27 06:00:46',0);
INSERT INTO client_prices VALUES(81,6,15,0.949999999999999956,NULL,'2025-11-27 09:03:57','2025-11-27 09:03:57',0);
INSERT INTO client_prices VALUES(82,6,33,1.699999999999999956,NULL,'2025-11-27 09:03:57','2025-11-27 09:03:57',0);
INSERT INTO client_prices VALUES(83,6,3,4.5,NULL,'2025-11-27 09:03:57','2025-11-27 09:03:57',0);
INSERT INTO client_prices VALUES(84,6,37,0.04499999999999999834,NULL,'2025-11-27 09:03:57','2025-11-27 09:03:57',0);
INSERT INTO client_prices VALUES(85,6,38,0.5500000000000000444,NULL,'2025-11-27 09:03:57','2025-11-27 09:03:57',0);
INSERT INTO client_prices VALUES(86,6,39,0.6500000000000000222,NULL,'2025-11-27 09:03:57','2025-11-27 09:03:57',0);
INSERT INTO client_prices VALUES(87,6,40,0.75,NULL,'2025-11-27 09:03:57','2025-11-27 09:03:57',0);
INSERT INTO client_prices VALUES(88,6,4,0.75,NULL,'2025-11-27 09:03:57','2025-11-27 09:03:57',0);
INSERT INTO client_prices VALUES(89,6,35,0.8499999999999999778,NULL,'2025-11-27 09:03:57','2025-11-27 09:03:57',0);
INSERT INTO client_prices VALUES(90,6,22,0.75,NULL,'2025-11-27 09:03:57','2025-11-27 09:03:57',0);
INSERT INTO client_prices VALUES(91,7,16,1.399999999999999912,NULL,'2025-11-28 06:20:37','2025-11-28 06:20:37',0);
INSERT INTO client_prices VALUES(92,7,17,0.75,NULL,'2025-11-28 06:20:37','2025-11-28 06:20:37',0);
INSERT INTO client_prices VALUES(93,7,18,1.100000000000000089,NULL,'2025-11-28 06:20:37','2025-11-28 06:20:37',0);
INSERT INTO client_prices VALUES(94,7,19,1.199999999999999956,NULL,'2025-11-28 06:20:37','2025-11-28 06:20:37',0);
INSERT INTO client_prices VALUES(95,7,20,1.300000000000000044,NULL,'2025-11-28 06:20:37','2025-11-28 06:20:37',0);
INSERT INTO client_prices VALUES(96,8,8,0.5,NULL,'2025-11-28 07:15:34','2025-11-28 07:15:34',0);
INSERT INTO client_prices VALUES(97,8,9,0.5999999999999999778,NULL,'2025-11-28 07:15:34','2025-11-28 07:15:34',0);
INSERT INTO client_prices VALUES(98,8,10,0.75,NULL,'2025-11-28 07:15:34','2025-11-28 07:15:34',0);
INSERT INTO client_prices VALUES(99,8,11,0.949999999999999956,NULL,'2025-11-28 07:15:34','2025-11-28 07:15:34',0);
INSERT INTO client_prices VALUES(100,8,12,1.25,NULL,'2025-11-28 07:15:34','2025-11-28 07:15:34',0);
INSERT INTO client_prices VALUES(101,8,13,1.300000000000000044,NULL,'2025-11-28 07:15:34','2025-11-28 07:15:34',0);
INSERT INTO client_prices VALUES(102,8,14,1.350000000000000088,NULL,'2025-11-28 07:15:34','2025-11-28 07:15:34',0);
INSERT INTO client_prices VALUES(103,8,15,1.399999999999999912,NULL,'2025-11-28 07:15:34','2025-11-28 07:15:34',0);
INSERT INTO client_prices VALUES(104,8,16,1.449999999999999956,NULL,'2025-11-28 07:15:34','2025-11-28 07:15:34',0);
INSERT INTO client_prices VALUES(105,8,17,1.25,NULL,'2025-11-28 07:15:34','2025-11-28 07:15:34',0);
INSERT INTO client_prices VALUES(106,8,18,1.300000000000000044,NULL,'2025-11-28 07:15:34','2025-11-28 07:15:34',0);
INSERT INTO client_prices VALUES(107,8,19,1.399999999999999912,NULL,'2025-11-28 07:15:34','2025-11-28 07:15:34',0);
INSERT INTO client_prices VALUES(108,8,20,1.5,NULL,'2025-11-28 07:15:34','2025-11-28 07:15:34',0);
INSERT INTO client_prices VALUES(109,8,27,0.5500000000000000444,NULL,'2025-11-28 07:15:34','2025-11-28 07:15:34',0);
INSERT INTO client_prices VALUES(110,8,28,0.5500000000000000444,NULL,'2025-11-28 07:15:34','2025-11-28 07:15:34',0);
INSERT INTO client_prices VALUES(111,8,29,0.5500000000000000444,NULL,'2025-11-28 07:15:34','2025-11-28 07:15:34',0);
INSERT INTO client_prices VALUES(112,8,33,1.699999999999999956,NULL,'2025-11-28 07:15:34','2025-11-28 07:15:34',0);
INSERT INTO client_prices VALUES(113,8,34,1.699999999999999956,NULL,'2025-11-28 07:15:34','2025-11-28 07:15:34',0);
INSERT INTO client_prices VALUES(114,8,41,4,NULL,'2025-11-28 07:15:34','2025-11-28 07:15:34',0);
INSERT INTO client_prices VALUES(115,8,3,4.5,NULL,'2025-11-28 07:15:34','2025-11-28 07:15:34',0);
INSERT INTO client_prices VALUES(116,8,37,0.5999999999999999778,NULL,'2025-11-28 07:15:34','2025-11-28 07:15:34',0);
INSERT INTO client_prices VALUES(117,8,38,0.6999999999999999556,NULL,'2025-11-28 07:15:34','2025-11-28 07:15:34',0);
INSERT INTO client_prices VALUES(118,8,39,0.8000000000000000444,NULL,'2025-11-28 07:15:34','2025-11-28 07:15:34',0);
INSERT INTO client_prices VALUES(119,8,40,0.8499999999999999778,NULL,'2025-11-28 07:15:34','2025-11-28 07:15:34',0);
INSERT INTO client_prices VALUES(120,8,4,0.75,NULL,'2025-11-28 07:15:34','2025-11-28 07:15:34',0);
INSERT INTO client_prices VALUES(121,8,35,0.8499999999999999778,NULL,'2025-11-28 07:15:34','2025-11-28 07:15:34',0);
INSERT INTO client_prices VALUES(122,8,22,0.8000000000000000444,NULL,'2025-11-28 07:15:34','2025-11-28 07:15:34',0);
INSERT INTO client_prices VALUES(123,8,5,0.75,NULL,'2025-11-28 07:19:27','2025-11-28 07:19:27',0);
INSERT INTO client_prices VALUES(124,9,8,0.4500000000000000111,NULL,'2025-11-28 08:10:55','2025-11-28 08:10:55',0);
INSERT INTO client_prices VALUES(125,9,9,0.5500000000000000444,NULL,'2025-11-28 08:10:55','2025-11-28 08:10:55',0);
INSERT INTO client_prices VALUES(126,9,10,0.6500000000000000222,NULL,'2025-11-28 08:10:55','2025-11-28 08:10:55',0);
INSERT INTO client_prices VALUES(127,9,11,0.75,NULL,'2025-11-28 08:10:55','2025-11-28 08:10:55',0);
INSERT INTO client_prices VALUES(128,9,12,0.8499999999999999778,NULL,'2025-11-28 08:10:55','2025-11-28 08:10:55',0);
INSERT INTO client_prices VALUES(129,9,13,0.949999999999999956,NULL,'2025-11-28 08:10:55','2025-11-28 08:10:55',0);
INSERT INTO client_prices VALUES(130,9,14,1.199999999999999956,NULL,'2025-11-28 08:10:55','2025-11-28 08:10:55',0);
INSERT INTO client_prices VALUES(131,9,15,1.300000000000000044,NULL,'2025-11-28 08:10:55','2025-11-28 08:10:55',0);
INSERT INTO client_prices VALUES(132,9,16,1.399999999999999912,NULL,'2025-11-28 08:10:55','2025-11-28 08:10:55',0);
INSERT INTO client_prices VALUES(133,9,17,1.199999999999999956,NULL,'2025-11-28 08:10:55','2025-11-28 08:10:55',0);
INSERT INTO client_prices VALUES(134,9,18,1.300000000000000044,NULL,'2025-11-28 08:10:55','2025-11-28 08:10:55',0);
INSERT INTO client_prices VALUES(135,9,19,1.399999999999999912,NULL,'2025-11-28 08:10:55','2025-11-28 08:10:55',0);
INSERT INTO client_prices VALUES(136,9,20,1.5,NULL,'2025-11-28 08:10:55','2025-11-28 08:10:55',0);
INSERT INTO client_prices VALUES(137,10,8,0.2399999999999999912,NULL,'2025-11-28 16:44:51','2025-11-28 16:44:51',0);
INSERT INTO client_prices VALUES(138,10,9,0.2700000000000000177,NULL,'2025-11-28 16:44:51','2025-11-28 16:44:51',0);
INSERT INTO client_prices VALUES(139,10,10,0.3699999999999999956,NULL,'2025-11-28 16:44:51','2025-11-28 16:44:51',0);
INSERT INTO client_prices VALUES(140,10,11,0.4500000000000000111,NULL,'2025-11-28 16:44:51','2025-11-28 16:44:51',0);
INSERT INTO client_prices VALUES(141,10,12,0.5400000000000000355,NULL,'2025-11-28 16:44:51','2025-11-28 16:44:51',0);
INSERT INTO client_prices VALUES(142,10,13,0.5999999999999999778,NULL,'2025-11-28 16:44:51','2025-11-28 16:44:51',0);
INSERT INTO client_prices VALUES(143,10,14,0.6999999999999999556,NULL,'2025-11-28 16:44:51','2025-11-28 16:44:51',0);
INSERT INTO client_prices VALUES(144,10,15,0.7299999999999999823,NULL,'2025-11-28 16:44:51','2025-11-28 16:44:51',0);
INSERT INTO client_prices VALUES(145,10,16,0.7299999999999999823,NULL,'2025-11-28 16:44:51','2025-11-28 16:44:51',0);
INSERT INTO client_prices VALUES(146,10,27,0.5500000000000000444,NULL,'2025-11-28 16:44:51','2025-11-28 16:44:51',0);
INSERT INTO client_prices VALUES(147,10,28,0.5500000000000000444,NULL,'2025-11-28 16:44:51','2025-11-28 16:44:51',0);
INSERT INTO client_prices VALUES(148,10,29,0.5500000000000000444,NULL,'2025-11-28 16:44:51','2025-11-28 16:44:51',0);
INSERT INTO client_prices VALUES(149,10,37,0.3800000000000000044,NULL,'2025-11-28 16:44:51','2025-11-28 16:44:51',0);
INSERT INTO client_prices VALUES(150,10,38,0.4000000000000000222,NULL,'2025-11-28 16:44:51','2025-11-28 16:44:51',0);
INSERT INTO client_prices VALUES(151,10,39,0.4500000000000000111,NULL,'2025-11-28 16:44:51','2025-11-28 16:44:51',0);
INSERT INTO client_prices VALUES(152,10,40,0.4799999999999999823,NULL,'2025-11-28 16:44:51','2025-11-28 16:44:51',0);
INSERT INTO client_prices VALUES(153,10,4,0.6500000000000000222,NULL,'2025-11-28 16:44:52','2025-11-28 16:44:52',0);
INSERT INTO client_prices VALUES(154,10,35,0.6500000000000000222,NULL,'2025-11-28 16:44:52','2025-11-28 16:44:52',0);
INSERT INTO client_prices VALUES(155,10,22,0.75,NULL,'2025-11-28 16:44:52','2025-11-28 16:44:52',0);
INSERT INTO client_prices VALUES(156,4,41,4,NULL,'2025-11-29 04:56:37','2025-11-29 04:56:37',1);
INSERT INTO client_prices VALUES(157,11,8,0.2200000000000000011,NULL,'2025-12-02 08:31:03','2025-12-02 08:31:03',0);
INSERT INTO client_prices VALUES(158,11,9,0.2399999999999999912,NULL,'2025-12-02 08:31:03','2025-12-02 08:31:03',0);
INSERT INTO client_prices VALUES(159,11,10,0.3499999999999999778,NULL,'2025-12-02 08:31:03','2025-12-02 08:31:03',0);
INSERT INTO client_prices VALUES(160,11,11,0.4500000000000000111,NULL,'2025-12-02 08:31:03','2025-12-02 08:31:03',0);
INSERT INTO client_prices VALUES(161,11,12,0.5400000000000000355,NULL,'2025-12-02 08:31:03','2025-12-02 08:31:03',0);
INSERT INTO client_prices VALUES(162,11,13,0.5999999999999999778,NULL,'2025-12-02 08:31:03','2025-12-02 08:31:03',0);
INSERT INTO client_prices VALUES(163,11,14,0.7299999999999999823,NULL,'2025-12-02 08:31:03','2025-12-02 08:31:03',0);
INSERT INTO client_prices VALUES(164,11,15,0.75,NULL,'2025-12-02 08:31:03','2025-12-02 08:31:03',0);
INSERT INTO client_prices VALUES(165,11,16,0.75,NULL,'2025-12-02 08:31:03','2025-12-02 08:31:03',0);
INSERT INTO client_prices VALUES(166,11,27,0.4500000000000000111,NULL,'2025-12-02 08:31:03','2025-12-02 08:31:03',0);
INSERT INTO client_prices VALUES(167,11,28,0.4500000000000000111,NULL,'2025-12-02 08:31:03','2025-12-02 08:31:03',0);
INSERT INTO client_prices VALUES(168,11,29,0.4500000000000000111,NULL,'2025-12-02 08:31:03','2025-12-02 08:31:03',0);
INSERT INTO client_prices VALUES(169,11,41,4,NULL,'2025-12-02 08:31:03','2025-12-02 08:31:03',0);
INSERT INTO client_prices VALUES(170,11,3,4.5,NULL,'2025-12-02 08:31:03','2025-12-02 08:31:03',0);
INSERT INTO client_prices VALUES(171,11,37,0.5500000000000000444,NULL,'2025-12-02 08:31:03','2025-12-02 08:31:03',0);
INSERT INTO client_prices VALUES(172,11,38,0.5999999999999999778,NULL,'2025-12-02 08:31:03','2025-12-02 08:31:03',0);
INSERT INTO client_prices VALUES(173,11,39,0.6500000000000000222,NULL,'2025-12-02 08:31:03','2025-12-02 08:31:03',0);
INSERT INTO client_prices VALUES(174,11,40,0.75,NULL,'2025-12-02 08:31:03','2025-12-02 08:31:03',0);
INSERT INTO client_prices VALUES(175,11,4,0.6500000000000000222,NULL,'2025-12-02 08:31:03','2025-12-02 08:31:03',0);
INSERT INTO client_prices VALUES(176,11,35,0.6500000000000000222,NULL,'2025-12-02 08:31:03','2025-12-02 08:31:03',0);
INSERT INTO client_prices VALUES(177,11,22,0.75,NULL,'2025-12-02 08:31:03','2025-12-02 08:31:03',0);
INSERT INTO client_prices VALUES(178,12,11,0.6500000000000000222,NULL,'2025-12-03 04:56:28','2025-12-03 04:56:28',1);
INSERT INTO client_prices VALUES(179,12,12,0.75,NULL,'2025-12-03 04:56:28','2025-12-03 04:56:28',1);
INSERT INTO client_prices VALUES(180,12,33,1.699999999999999956,NULL,'2025-12-03 04:56:28','2025-12-03 04:56:28',1);
INSERT INTO client_prices VALUES(181,12,37,0.5500000000000000444,NULL,'2025-12-03 04:56:28','2025-12-03 04:56:28',1);
INSERT INTO client_prices VALUES(182,12,38,0.5999999999999999778,NULL,'2025-12-03 04:56:28','2025-12-03 04:56:28',1);
INSERT INTO client_prices VALUES(183,12,39,0.6500000000000000222,NULL,'2025-12-03 04:56:28','2025-12-03 04:56:28',1);
INSERT INTO client_prices VALUES(184,12,40,0.75,NULL,'2025-12-03 04:56:28','2025-12-03 04:56:28',1);
INSERT INTO client_prices VALUES(185,12,35,0.8499999999999999778,NULL,'2025-12-03 04:56:28','2025-12-03 04:56:28',0);
INSERT INTO client_prices VALUES(186,13,8,0.4000000000000000222,NULL,'2026-02-17 22:49:17','2026-02-17 22:49:17',0);
INSERT INTO client_prices VALUES(187,13,9,0.5500000000000000444,NULL,'2026-02-17 22:49:17','2026-02-17 22:49:17',0);
INSERT INTO client_prices VALUES(188,13,10,0.6500000000000000222,NULL,'2026-02-17 22:49:17','2026-02-17 22:49:17',0);
INSERT INTO client_prices VALUES(189,13,11,0.75,NULL,'2026-02-17 22:49:17','2026-02-17 22:49:17',0);
INSERT INTO client_prices VALUES(190,13,12,0.8499999999999999778,NULL,'2026-02-17 22:49:17','2026-02-17 22:49:17',0);
INSERT INTO client_prices VALUES(191,13,13,0.949999999999999956,NULL,'2026-02-17 22:49:17','2026-02-17 22:49:17',0);
INSERT INTO client_prices VALUES(192,13,14,1,NULL,'2026-02-17 22:49:17','2026-02-17 22:49:17',0);
INSERT INTO client_prices VALUES(193,13,15,1.199999999999999956,NULL,'2026-02-17 22:49:17','2026-02-17 22:49:17',0);
INSERT INTO client_prices VALUES(194,13,16,1.300000000000000044,NULL,'2026-02-17 22:49:17','2026-02-17 22:49:17',0);
INSERT INTO client_prices VALUES(195,13,17,0.75,NULL,'2026-02-17 22:49:17','2026-02-17 22:49:17',0);
INSERT INTO client_prices VALUES(196,13,18,1,NULL,'2026-02-17 22:49:17','2026-02-17 22:49:17',0);
INSERT INTO client_prices VALUES(197,13,19,1.300000000000000044,NULL,'2026-02-17 22:49:17','2026-02-17 22:49:17',0);
INSERT INTO client_prices VALUES(198,13,20,1.399999999999999912,NULL,'2026-02-17 22:49:17','2026-02-17 22:49:17',0);
INSERT INTO client_prices VALUES(199,13,27,0.5500000000000000444,NULL,'2026-02-17 22:49:17','2026-02-17 22:49:17',0);
INSERT INTO client_prices VALUES(200,13,28,0.5500000000000000444,NULL,'2026-02-17 22:49:17','2026-02-17 22:49:17',0);
INSERT INTO client_prices VALUES(201,13,29,0.5500000000000000444,NULL,'2026-02-17 22:49:17','2026-02-17 22:49:17',0);
INSERT INTO client_prices VALUES(202,13,30,0.75,NULL,'2026-02-17 22:49:17','2026-02-17 22:49:17',0);
INSERT INTO client_prices VALUES(203,13,31,0.75,NULL,'2026-02-17 22:49:17','2026-02-17 22:49:17',0);
INSERT INTO client_prices VALUES(204,13,32,0.75,NULL,'2026-02-17 22:49:17','2026-02-17 22:49:17',0);
INSERT INTO client_prices VALUES(205,13,33,1.5,NULL,'2026-02-17 22:49:17','2026-02-17 22:49:17',0);
INSERT INTO client_prices VALUES(206,13,34,1.5,NULL,'2026-02-17 22:49:17','2026-02-17 22:49:17',0);
INSERT INTO client_prices VALUES(207,13,5,0.75,NULL,'2026-02-17 22:49:17','2026-02-17 22:49:17',0);
INSERT INTO client_prices VALUES(208,13,41,4,NULL,'2026-02-17 22:49:17','2026-02-17 22:49:17',0);
INSERT INTO client_prices VALUES(209,13,3,4.5,NULL,'2026-02-17 22:49:17','2026-02-17 22:49:17',0);
INSERT INTO client_prices VALUES(210,13,37,0.5500000000000000444,NULL,'2026-02-17 22:49:17','2026-02-17 22:49:17',0);
INSERT INTO client_prices VALUES(211,13,38,0.5999999999999999778,NULL,'2026-02-17 22:49:17','2026-02-17 22:49:17',0);
INSERT INTO client_prices VALUES(212,13,39,0.6500000000000000222,NULL,'2026-02-17 22:49:17','2026-02-17 22:49:17',0);
INSERT INTO client_prices VALUES(213,13,40,0.75,NULL,'2026-02-17 22:49:17','2026-02-17 22:49:17',0);
INSERT INTO client_prices VALUES(214,13,4,0.75,NULL,'2026-02-17 22:49:17','2026-02-17 22:49:17',0);
INSERT INTO client_prices VALUES(215,13,43,0.25,NULL,'2026-02-17 22:49:17','2026-02-17 22:49:17',0);
INSERT INTO client_prices VALUES(216,13,35,0.8000000000000000444,NULL,'2026-02-17 22:49:17','2026-02-17 22:49:17',0);
INSERT INTO client_prices VALUES(217,13,22,0.75,NULL,'2026-02-17 22:49:17','2026-02-17 22:49:17',0);
INSERT INTO client_prices VALUES(218,14,37,0.3499999999999999778,NULL,'2026-03-01 18:36:33','2026-03-01 18:36:33',0);
INSERT INTO client_prices VALUES(219,14,38,0.4500000000000000111,NULL,'2026-03-01 18:36:33','2026-03-01 18:36:33',0);
INSERT INTO client_prices VALUES(220,14,39,0.5500000000000000444,NULL,'2026-03-01 18:36:33','2026-03-01 18:36:33',0);
INSERT INTO client_prices VALUES(221,14,40,0.6500000000000000222,NULL,'2026-03-01 18:36:33','2026-03-01 18:36:33',0);
INSERT INTO client_prices VALUES(222,15,8,0.2200000000000000011,NULL,'2026-03-01 22:00:59','2026-03-01 22:00:59',0);
INSERT INTO client_prices VALUES(223,15,9,0.25,NULL,'2026-03-01 22:00:59','2026-03-01 22:00:59',0);
INSERT INTO client_prices VALUES(224,15,10,0.3499999999999999778,NULL,'2026-03-01 22:00:59','2026-03-01 22:00:59',0);
INSERT INTO client_prices VALUES(225,15,11,0.4500000000000000111,NULL,'2026-03-01 22:00:59','2026-03-01 22:00:59',0);
INSERT INTO client_prices VALUES(226,15,12,0.5500000000000000444,NULL,'2026-03-01 22:00:59','2026-03-01 22:00:59',0);
INSERT INTO client_prices VALUES(227,15,13,0.5999999999999999778,NULL,'2026-03-01 22:00:59','2026-03-01 22:00:59',0);
INSERT INTO client_prices VALUES(228,15,14,0.6500000000000000222,NULL,'2026-03-01 22:00:59','2026-03-01 22:00:59',0);
INSERT INTO client_prices VALUES(229,15,15,0.6999999999999999556,NULL,'2026-03-01 22:00:59','2026-03-01 22:00:59',0);
INSERT INTO client_prices VALUES(230,15,16,0.75,NULL,'2026-03-01 22:00:59','2026-03-01 22:00:59',0);
INSERT INTO client_prices VALUES(231,15,27,0.5500000000000000444,NULL,'2026-03-01 22:00:59','2026-03-01 22:00:59',0);
INSERT INTO client_prices VALUES(232,15,28,0.5500000000000000444,NULL,'2026-03-01 22:00:59','2026-03-01 22:00:59',0);
INSERT INTO client_prices VALUES(233,15,29,0.5500000000000000444,NULL,'2026-03-01 22:00:59','2026-03-01 22:00:59',0);
INSERT INTO client_prices VALUES(234,15,33,1.5,NULL,'2026-03-01 22:00:59','2026-03-01 22:00:59',0);
INSERT INTO client_prices VALUES(235,15,34,1.5,NULL,'2026-03-01 22:00:59','2026-03-01 22:00:59',0);
INSERT INTO client_prices VALUES(236,15,41,4,NULL,'2026-03-01 22:00:59','2026-03-01 22:00:59',1);
INSERT INTO client_prices VALUES(237,15,3,4.5,NULL,'2026-03-01 22:00:59','2026-03-01 22:00:59',1);
INSERT INTO client_prices VALUES(238,15,37,0.5,NULL,'2026-03-01 22:00:59','2026-03-01 22:00:59',0);
INSERT INTO client_prices VALUES(239,15,38,0.5999999999999999778,NULL,'2026-03-01 22:00:59','2026-03-01 22:00:59',0);
INSERT INTO client_prices VALUES(240,15,39,0.6500000000000000222,NULL,'2026-03-01 22:00:59','2026-03-01 22:00:59',0);
INSERT INTO client_prices VALUES(241,15,40,0.75,NULL,'2026-03-01 22:00:59','2026-03-01 22:00:59',0);
INSERT INTO client_prices VALUES(242,15,44,0.4500000000000000111,NULL,'2026-03-01 22:00:59','2026-03-01 22:00:59',0);
INSERT INTO client_prices VALUES(243,15,4,0.75,NULL,'2026-03-01 22:00:59','2026-03-01 22:00:59',0);
INSERT INTO client_prices VALUES(244,15,43,0.25,NULL,'2026-03-01 22:00:59','2026-03-01 22:00:59',0);
INSERT INTO client_prices VALUES(245,15,35,0.6999999999999999556,NULL,'2026-03-01 22:00:59','2026-03-01 22:00:59',0);
INSERT INTO client_prices VALUES(246,15,22,0.75,NULL,'2026-03-01 22:00:59','2026-03-01 22:00:59',0);
CREATE TABLE IF NOT EXISTS "personal_access_tokens" ("id" integer primary key autoincrement not null, "tokenable_type" varchar not null, "tokenable_id" integer not null, "name" text not null, "token" varchar not null, "abilities" text, "last_used_at" datetime, "expires_at" datetime, "created_at" datetime, "updated_at" datetime);
INSERT INTO personal_access_tokens VALUES(2,'App\Models\User',1,'admin-token','1f2c2e4ec794f06b13d3f61306804d10c52a95497712419a5e53a1bda12501d4','["*"]','2025-11-26 06:49:09',NULL,'2025-11-26 06:49:07','2025-11-26 06:49:09');
INSERT INTO personal_access_tokens VALUES(9,'App\Models\User',1,'admin-token','ad49ce9956f5e709b9a033e5016b80733eb3e670e00f27dec8e5bfc77b2a2c08','["*"]','2025-12-03 08:39:30',NULL,'2025-12-03 04:53:32','2025-12-03 08:39:30');
INSERT INTO personal_access_tokens VALUES(11,'App\Models\User',1,'admin-token','c1839b75cf5c782587b1cfa0ce6564a1b6d244532968288827ab122083c753c2','["*"]','2025-12-04 08:45:24',NULL,'2025-12-04 08:37:05','2025-12-04 08:45:24');
INSERT INTO personal_access_tokens VALUES(13,'App\Models\User',1,'admin-token','9b71152e59abaf6d03c1a4bc9f3b0697bba3801c8f0c185de77b86053a88b217','["*"]','2025-12-12 10:13:21',NULL,'2025-12-12 09:48:52','2025-12-12 10:13:21');
INSERT INTO personal_access_tokens VALUES(14,'App\Models\User',1,'admin-token','e096af5203585a14737dc11c19bdbb74ca14eb2cbd86825e346f44ea50b7925c','["*"]','2025-12-12 10:23:31',NULL,'2025-12-12 10:13:50','2025-12-12 10:23:31');
INSERT INTO personal_access_tokens VALUES(15,'App\Models\User',1,'admin-token','11e151a7235aa62ac0da2ec2204e24db4719f13e785c4779db2edc1e5aa3d807','["*"]','2025-12-12 10:25:13',NULL,'2025-12-12 10:24:40','2025-12-12 10:25:13');
INSERT INTO personal_access_tokens VALUES(16,'App\Models\User',1,'admin-token','5fce86ba7e60b824b25a9e87b76a1cf075ec423bbc214d502b0d51e1661882f9','["*"]','2026-02-16 15:47:41',NULL,'2026-02-16 09:35:45','2026-02-16 15:47:41');
INSERT INTO personal_access_tokens VALUES(17,'App\Models\User',1,'admin-token','fa38df73177a9d799e410903ac972d0f83fc72d6032260111d45e85b5ce22487','["*"]','2026-02-16 15:58:10',NULL,'2026-02-16 15:48:28','2026-02-16 15:58:10');
INSERT INTO personal_access_tokens VALUES(18,'App\Models\User',1,'admin-token','f51239811172d30559e55f6403f4d204822de4d8028ea7b1c9150711996ed0b4','["*"]','2026-02-17 22:42:35',NULL,'2026-02-16 16:01:39','2026-02-17 22:42:35');
INSERT INTO personal_access_tokens VALUES(19,'App\Models\User',1,'admin-token','5696fceb60c5d6b1a2775ef797b8766dd50b93076965ff0fc3825f099558a46a','["*"]','2026-02-17 22:49:23',NULL,'2026-02-17 22:43:40','2026-02-17 22:49:23');
INSERT INTO personal_access_tokens VALUES(20,'App\Models\User',1,'admin-token','fe77ed991f5f90ff1958d47bbab131f0e47b0e3f9781fba20bcff12aa902b2b5','["*"]','2026-02-21 03:56:07',NULL,'2026-02-19 04:39:47','2026-02-21 03:56:07');
INSERT INTO personal_access_tokens VALUES(21,'App\Models\User',1,'admin-token','0f63d739b5393c80ecb2ae2f582ab0cee46b46f3191326f4c758e57e947ebcf9','["*"]','2026-03-03 16:26:43',NULL,'2026-03-01 17:27:53','2026-03-03 16:26:43');
INSERT INTO personal_access_tokens VALUES(25,'App\Models\Client',14,'client-cart','96809dc1dd6a2ef6d1ab90326d50d83d50b89e03448d32dae56628a658052444','["*"]',NULL,NULL,'2026-03-01 18:38:04','2026-03-01 18:38:04');
INSERT INTO personal_access_tokens VALUES(28,'App\Models\Client',15,'client-cart','717ec9fc211c5b5e6bafc149bf135bb1a127cfbd5c2c372674f2eaeea57b5e1a','["*"]',NULL,NULL,'2026-03-01 22:04:11','2026-03-01 22:04:11');
CREATE TABLE IF NOT EXISTS "order_items" ("id" integer primary key autoincrement not null, "order_id" integer not null, "product_id" integer, "product_name" varchar not null, "quantity" integer not null, "sold_by_package" tinyint(1) not null default '0', "pieces_per_package" integer, "unit_price" numeric, "total_price" numeric, "created_at" datetime, "updated_at" datetime, "discount_amount" numeric not null default '0', "discount_type" varchar, "discount_value" numeric, "unit_type" varchar, foreign key("order_id") references "orders"("id") on delete cascade, foreign key("product_id") references "products"("id") on delete set null);
INSERT INTO order_items VALUES(79,13,37,'Gota Letre Per Kafe 2.5oz',5,1,40,NULL,NULL,'2025-11-28 07:10:06','2025-11-28 07:10:06',0,NULL,0,NULL);
INSERT INTO order_items VALUES(80,13,38,'Gota Letre Per Kafe 3oz',10,1,20,NULL,NULL,'2025-11-28 07:10:06','2025-11-28 07:10:06',0,NULL,0,NULL);
INSERT INTO order_items VALUES(81,13,39,'Gota Letre Per Kafe 4oz',5,1,40,NULL,NULL,'2025-11-28 07:10:06','2025-11-28 07:10:06',0,NULL,0,NULL);
INSERT INTO order_items VALUES(82,13,40,'Gota Letre Per Kafe 7oz',10,1,20,NULL,NULL,'2025-11-28 07:10:06','2025-11-28 07:10:06',0,NULL,0,NULL);
INSERT INTO order_items VALUES(83,13,35,'Luga Kafe E Bardh 10cp Kompleti',20,1,10,NULL,NULL,'2025-11-28 07:10:06','2025-11-28 07:10:06',0,NULL,0,NULL);
INSERT INTO order_items VALUES(84,13,3,'Folie Alumini 9 Micron',60,0,NULL,NULL,NULL,'2025-11-28 07:10:06','2025-11-28 07:10:06',0,NULL,0,NULL);
INSERT INTO order_items VALUES(85,13,4,'Letër Kuzhine NUSH 2 Shtresa',10,1,12,NULL,NULL,'2025-11-28 07:10:06','2025-11-28 07:10:06',0,NULL,0,NULL);
INSERT INTO order_items VALUES(86,13,8,'Kese Mbeturinash 40L',5,1,20,NULL,NULL,'2025-11-28 07:10:06','2025-11-28 07:10:06',0,NULL,0,NULL);
INSERT INTO order_items VALUES(87,13,9,'Kese Mbeturinash 70L',5,1,20,NULL,NULL,'2025-11-28 07:10:06','2025-11-28 07:10:06',0,NULL,0,NULL);
INSERT INTO order_items VALUES(88,13,10,'Kese Mbeturinash 120L',5,1,20,NULL,NULL,'2025-11-28 07:10:06','2025-11-28 07:10:06',0,NULL,0,NULL);
INSERT INTO order_items VALUES(89,13,11,'Kese Mbeturinash 150L',5,1,20,NULL,NULL,'2025-11-28 07:10:06','2025-11-28 07:10:06',0,NULL,0,NULL);
INSERT INTO order_items VALUES(90,13,12,'Kese Mbeturinash 170L',5,1,20,NULL,NULL,'2025-11-28 07:10:06','2025-11-28 07:10:06',0,NULL,0,NULL);
INSERT INTO order_items VALUES(91,13,13,'Kese Mbeturinash 200L',5,1,20,NULL,NULL,'2025-11-28 07:10:06','2025-11-28 07:10:06',0,NULL,0,NULL);
INSERT INTO order_items VALUES(92,13,14,'Kese Mbeturinash 240L',10,1,20,NULL,NULL,'2025-11-28 07:10:06','2025-11-28 07:10:06',0,NULL,0,NULL);
INSERT INTO order_items VALUES(93,13,15,'Kese Mbeturinash 270L',10,1,20,NULL,NULL,'2025-11-28 07:10:06','2025-11-28 07:10:06',0,NULL,0,NULL);
INSERT INTO order_items VALUES(94,13,16,'Kese Mbeturinash 300L',10,1,20,NULL,NULL,'2025-11-28 07:10:06','2025-11-28 07:10:06',0,NULL,0,NULL);
INSERT INTO order_items VALUES(95,13,17,'Kese Mbeturinash 70L ME LIDHSE',3,1,20,NULL,NULL,'2025-11-28 07:10:06','2025-11-28 07:10:06',0,NULL,0,NULL);
INSERT INTO order_items VALUES(96,13,18,'Kese Mbeturinash 120L ME LIDHSE',3,1,20,NULL,NULL,'2025-11-28 07:10:06','2025-11-28 07:10:06',0,NULL,0,NULL);
INSERT INTO order_items VALUES(97,13,19,'Kese Mbeturinash 200L ME LIDHSE',3,1,20,NULL,NULL,'2025-11-28 07:10:06','2025-11-28 07:10:06',0,NULL,0,NULL);
INSERT INTO order_items VALUES(98,13,20,'Kese Mbeturinash 220L ME LIDHSE',3,1,20,NULL,NULL,'2025-11-28 07:10:06','2025-11-28 07:10:06',0,NULL,0,NULL);
INSERT INTO order_items VALUES(298,35,39,'Gota Letre Per Kafe 4oz',5,1,20,0.8000000000000000444,80,'2025-12-07 22:24:51','2025-12-07 22:24:51',0,NULL,0,NULL);
INSERT INTO order_items VALUES(299,36,9,'Kese Mbeturinash 70L',2,1,20,0.25,10,'2026-02-16 13:06:12','2026-02-16 13:06:12',0,NULL,0,NULL);
INSERT INTO order_items VALUES(300,36,8,'Kese Mbeturinash 40L',1,1,20,0.2200000000000000011,4.400000000000000356,'2026-02-16 13:06:12','2026-02-16 13:06:12',0,NULL,0,NULL);
INSERT INTO order_items VALUES(301,36,10,'Kese Mbeturinash 120L',1,1,20,0.3499999999999999778,7,'2026-02-16 13:06:12','2026-02-16 13:06:12',0,NULL,0,NULL);
INSERT INTO order_items VALUES(302,36,11,'Kese Mbeturinash 150L',1,1,20,0.4199999999999999845,8.400000000000000355,'2026-02-16 13:06:12','2026-02-16 13:06:12',0,NULL,0,NULL);
INSERT INTO order_items VALUES(303,36,12,'Kese Mbeturinash 170L',1,1,20,0.5300000000000000266,10.59999999999999965,'2026-02-16 13:06:12','2026-02-16 13:06:12',0,NULL,0,NULL);
INSERT INTO order_items VALUES(304,36,13,'Kese Mbeturinash 200L',1,1,20,0.5999999999999999778,12,'2026-02-16 13:06:12','2026-02-16 13:06:12',0,NULL,0,NULL);
INSERT INTO order_items VALUES(305,36,14,'Kese Mbeturinash 240L',1,1,20,0.6999999999999999556,14,'2026-02-16 13:06:12','2026-02-16 13:06:12',0,NULL,0,NULL);
INSERT INTO order_items VALUES(306,36,15,'Kese Mbeturinash 270L',1,1,20,0.6999999999999999556,14,'2026-02-16 13:06:12','2026-02-16 13:06:12',0,NULL,0,NULL);
INSERT INTO order_items VALUES(307,36,16,'Kese Mbeturinash 300L',1,1,20,0.6999999999999999556,14,'2026-02-16 13:06:12','2026-02-16 13:06:12',0,NULL,0,NULL);
INSERT INTO order_items VALUES(308,37,37,'Gota Letre Per Kafe 2.5oz',1,1,40,0.3800000000000000044,15.19999999999999929,'2026-02-17 13:31:22','2026-02-17 13:31:22',0,NULL,0,NULL);
INSERT INTO order_items VALUES(309,37,38,'Gota Letre Per Kafe 3oz',2,1,20,0.4000000000000000222,16,'2026-02-17 13:31:22','2026-02-17 13:31:22',0,NULL,0,NULL);
INSERT INTO order_items VALUES(310,37,39,'Gota Letre Per Kafe 4oz',2,1,20,0.4500000000000000111,18,'2026-02-17 13:31:22','2026-02-17 13:31:22',0,NULL,0,NULL);
INSERT INTO order_items VALUES(311,37,40,'Gota Letre Per Kafe 7oz',2,1,20,0.4799999999999999823,19.19999999999999929,'2026-02-17 13:31:22','2026-02-17 13:31:22',0,NULL,0,NULL);
INSERT INTO order_items VALUES(312,37,35,'Luga Kafe E Bardh 10cp Kompleti',3,1,10,0.6500000000000000222,19.5,'2026-02-17 13:31:22','2026-02-17 13:31:22',0,NULL,0,NULL);
INSERT INTO order_items VALUES(313,37,4,'Letër Kuzhine NUSH 2 Shtresa',2,1,12,0.6500000000000000222,15.59999999999999965,'2026-02-17 13:31:22','2026-02-17 13:31:22',0,NULL,0,NULL);
INSERT INTO order_items VALUES(314,37,22,'Mbulesë Tavoline LDP',1,1,10,0.75,7.5,'2026-02-17 13:31:22','2026-02-17 13:31:22',0,NULL,0,NULL);
INSERT INTO order_items VALUES(315,37,8,'Kese Mbeturinash 40L',1,1,20,0.2399999999999999912,4.799999999999999823,'2026-02-17 13:31:22','2026-02-17 13:31:22',0,NULL,0,NULL);
INSERT INTO order_items VALUES(316,37,9,'Kese Mbeturinash 70L',1,1,20,0.2700000000000000177,5.400000000000000355,'2026-02-17 13:31:22','2026-02-17 13:31:22',0,NULL,0,NULL);
INSERT INTO order_items VALUES(317,37,10,'Kese Mbeturinash 120L',1,1,20,0.3699999999999999956,7.400000000000000355,'2026-02-17 13:31:22','2026-02-17 13:31:22',0,NULL,0,NULL);
INSERT INTO order_items VALUES(318,37,11,'Kese Mbeturinash 150L',1,1,20,0.4500000000000000111,9,'2026-02-17 13:31:22','2026-02-17 13:31:22',0,NULL,0,NULL);
INSERT INTO order_items VALUES(319,37,12,'Kese Mbeturinash 170L',1,1,20,0.5400000000000000355,10.80000000000000072,'2026-02-17 13:31:22','2026-02-17 13:31:22',0,NULL,0,NULL);
INSERT INTO order_items VALUES(320,37,13,'Kese Mbeturinash 200L',1,1,20,0.5999999999999999778,12,'2026-02-17 13:31:22','2026-02-17 13:31:22',0,NULL,0,NULL);
INSERT INTO order_items VALUES(321,37,14,'Kese Mbeturinash 240L',2,1,20,0.6999999999999999556,28,'2026-02-17 13:31:22','2026-02-17 13:31:22',0,NULL,0,NULL);
INSERT INTO order_items VALUES(322,37,15,'Kese Mbeturinash 270L',2,1,20,0.7299999999999999823,29.19999999999999929,'2026-02-17 13:31:22','2026-02-17 13:31:22',0,NULL,0,NULL);
INSERT INTO order_items VALUES(323,37,16,'Kese Mbeturinash 300L',2,1,20,0.7299999999999999823,29.19999999999999929,'2026-02-17 13:31:22','2026-02-17 13:31:22',0,NULL,0,NULL);
INSERT INTO order_items VALUES(324,37,43,'Letër Salvete',2,1,8,NULL,NULL,'2026-02-17 13:31:22','2026-02-17 13:31:22',0,NULL,0,NULL);
INSERT INTO order_items VALUES(325,37,27,'Pipëza Transparente për Pije (100Cp - Kompleti 20Cp)',1,1,20,0.5500000000000000444,11,'2026-02-17 13:31:22','2026-02-17 13:31:22',0,NULL,0,NULL);
INSERT INTO order_items VALUES(326,37,28,'Pipëza Te Zi për Pije (100Cp - Kompleti 20Cp)',1,1,20,0.5500000000000000444,11,'2026-02-17 13:31:22','2026-02-17 13:31:22',0,NULL,0,NULL);
INSERT INTO order_items VALUES(327,37,29,'Pipëza Color për Pije (100Cp - Kompleti 20Cp)',1,1,20,0.5500000000000000444,11,'2026-02-17 13:31:22','2026-02-17 13:31:22',0,NULL,0,NULL);
INSERT INTO order_items VALUES(328,38,37,'Gota Letre Per Kafe 2.5oz',1,1,40,0.3800000000000000044,15.19999999999999929,'2026-02-17 13:35:55','2026-02-17 13:35:55',0,NULL,0,NULL);
INSERT INTO order_items VALUES(329,38,38,'Gota Letre Per Kafe 3oz',2,1,20,0.4000000000000000222,16,'2026-02-17 13:35:55','2026-02-17 13:35:55',0,NULL,0,NULL);
INSERT INTO order_items VALUES(330,38,39,'Gota Letre Per Kafe 4oz',2,1,20,0.4500000000000000111,18,'2026-02-17 13:35:55','2026-02-17 13:35:55',0,NULL,0,NULL);
INSERT INTO order_items VALUES(331,38,40,'Gota Letre Per Kafe 7oz',2,1,20,0.4799999999999999823,19.19999999999999929,'2026-02-17 13:35:55','2026-02-17 13:35:55',0,NULL,0,NULL);
INSERT INTO order_items VALUES(332,38,35,'Luga Kafe E Bardh 10cp Kompleti',3,1,10,0.6500000000000000222,19.5,'2026-02-17 13:35:55','2026-02-17 13:35:55',0,NULL,0,NULL);
INSERT INTO order_items VALUES(333,38,4,'Letër Kuzhine NUSH 2 Shtresa',2,1,12,0.6500000000000000222,15.59999999999999965,'2026-02-17 13:35:55','2026-02-17 13:35:55',0,NULL,0,NULL);
INSERT INTO order_items VALUES(334,38,22,'Mbulesë Tavoline LDP',1,1,10,0.75,7.5,'2026-02-17 13:35:55','2026-02-17 13:35:55',0,NULL,0,NULL);
INSERT INTO order_items VALUES(335,38,8,'Kese Mbeturinash 40L',1,1,20,0.2399999999999999912,4.799999999999999823,'2026-02-17 13:35:55','2026-02-17 13:35:55',0,NULL,0,NULL);
INSERT INTO order_items VALUES(336,38,9,'Kese Mbeturinash 70L',1,1,20,0.2700000000000000177,5.400000000000000355,'2026-02-17 13:35:55','2026-02-17 13:35:55',0,NULL,0,NULL);
INSERT INTO order_items VALUES(337,38,10,'Kese Mbeturinash 120L',1,1,20,0.3699999999999999956,7.400000000000000355,'2026-02-17 13:35:55','2026-02-17 13:35:55',0,NULL,0,NULL);
INSERT INTO order_items VALUES(338,38,11,'Kese Mbeturinash 150L',1,1,20,0.4500000000000000111,9,'2026-02-17 13:35:55','2026-02-17 13:35:55',0,NULL,0,NULL);
INSERT INTO order_items VALUES(339,38,12,'Kese Mbeturinash 170L',1,1,20,0.5400000000000000355,10.80000000000000072,'2026-02-17 13:35:55','2026-02-17 13:35:55',0,NULL,0,NULL);
INSERT INTO order_items VALUES(340,38,13,'Kese Mbeturinash 200L',1,1,20,0.5999999999999999778,12,'2026-02-17 13:35:55','2026-02-17 13:35:55',0,NULL,0,NULL);
INSERT INTO order_items VALUES(341,38,14,'Kese Mbeturinash 240L',2,1,20,0.6999999999999999556,28,'2026-02-17 13:35:55','2026-02-17 13:35:55',0,NULL,0,NULL);
INSERT INTO order_items VALUES(342,38,15,'Kese Mbeturinash 270L',2,1,20,0.7299999999999999823,29.19999999999999929,'2026-02-17 13:35:55','2026-02-17 13:35:55',0,NULL,0,NULL);
INSERT INTO order_items VALUES(343,38,16,'Kese Mbeturinash 300L',2,1,20,0.7299999999999999823,29.19999999999999929,'2026-02-17 13:35:55','2026-02-17 13:35:55',0,NULL,0,NULL);
INSERT INTO order_items VALUES(344,38,43,'Letër Salvete',2,1,8,NULL,NULL,'2026-02-17 13:35:55','2026-02-17 13:35:55',0,NULL,0,NULL);
INSERT INTO order_items VALUES(345,38,27,'Pipëza Transparente për Pije (100Cp - Kompleti 20Cp)',1,1,20,0.5500000000000000444,11,'2026-02-17 13:35:55','2026-02-17 13:35:55',0,NULL,0,NULL);
INSERT INTO order_items VALUES(346,38,28,'Pipëza Te Zi për Pije (100Cp - Kompleti 20Cp)',1,1,20,0.5500000000000000444,11,'2026-02-17 13:35:55','2026-02-17 13:35:55',0,NULL,0,NULL);
INSERT INTO order_items VALUES(347,38,29,'Pipëza Color për Pije (100Cp - Kompleti 20Cp)',1,1,20,0.5500000000000000444,11,'2026-02-17 13:35:55','2026-02-17 13:35:55',0,NULL,0,NULL);
INSERT INTO order_items VALUES(348,39,37,'Gota Letre Per Kafe 2.5oz',1,1,40,0.3800000000000000044,15.19999999999999929,'2026-02-17 13:36:04','2026-02-17 13:36:04',0,NULL,0,NULL);
INSERT INTO order_items VALUES(349,39,38,'Gota Letre Per Kafe 3oz',2,1,20,0.4000000000000000222,16,'2026-02-17 13:36:04','2026-02-17 13:36:04',0,NULL,0,NULL);
INSERT INTO order_items VALUES(350,39,39,'Gota Letre Per Kafe 4oz',2,1,20,0.4500000000000000111,18,'2026-02-17 13:36:04','2026-02-17 13:36:04',0,NULL,0,NULL);
INSERT INTO order_items VALUES(351,39,40,'Gota Letre Per Kafe 7oz',2,1,20,0.4799999999999999823,19.19999999999999929,'2026-02-17 13:36:04','2026-02-17 13:36:04',0,NULL,0,NULL);
INSERT INTO order_items VALUES(352,39,35,'Luga Kafe E Bardh 10cp Kompleti',3,1,10,0.6500000000000000222,19.5,'2026-02-17 13:36:04','2026-02-17 13:36:04',0,NULL,0,NULL);
INSERT INTO order_items VALUES(353,39,4,'Letër Kuzhine NUSH 2 Shtresa',2,1,12,0.6500000000000000222,15.59999999999999965,'2026-02-17 13:36:04','2026-02-17 13:36:04',0,NULL,0,NULL);
INSERT INTO order_items VALUES(354,39,22,'Mbulesë Tavoline LDP',1,1,10,0.75,7.5,'2026-02-17 13:36:04','2026-02-17 13:36:04',0,NULL,0,NULL);
INSERT INTO order_items VALUES(355,39,8,'Kese Mbeturinash 40L',1,1,20,0.2399999999999999912,4.799999999999999823,'2026-02-17 13:36:04','2026-02-17 13:36:04',0,NULL,0,NULL);
INSERT INTO order_items VALUES(356,39,9,'Kese Mbeturinash 70L',1,1,20,0.2700000000000000177,5.400000000000000355,'2026-02-17 13:36:04','2026-02-17 13:36:04',0,NULL,0,NULL);
INSERT INTO order_items VALUES(357,39,10,'Kese Mbeturinash 120L',1,1,20,0.3699999999999999956,7.400000000000000355,'2026-02-17 13:36:04','2026-02-17 13:36:04',0,NULL,0,NULL);
INSERT INTO order_items VALUES(358,39,11,'Kese Mbeturinash 150L',1,1,20,0.4500000000000000111,9,'2026-02-17 13:36:04','2026-02-17 13:36:04',0,NULL,0,NULL);
INSERT INTO order_items VALUES(359,39,12,'Kese Mbeturinash 170L',1,1,20,0.5400000000000000355,10.80000000000000072,'2026-02-17 13:36:04','2026-02-17 13:36:04',0,NULL,0,NULL);
INSERT INTO order_items VALUES(360,39,13,'Kese Mbeturinash 200L',1,1,20,0.5999999999999999778,12,'2026-02-17 13:36:04','2026-02-17 13:36:04',0,NULL,0,NULL);
INSERT INTO order_items VALUES(361,39,14,'Kese Mbeturinash 240L',2,1,20,0.6999999999999999556,28,'2026-02-17 13:36:04','2026-02-17 13:36:04',0,NULL,0,NULL);
INSERT INTO order_items VALUES(362,39,15,'Kese Mbeturinash 270L',2,1,20,0.7299999999999999823,29.19999999999999929,'2026-02-17 13:36:04','2026-02-17 13:36:04',0,NULL,0,NULL);
INSERT INTO order_items VALUES(363,39,16,'Kese Mbeturinash 300L',2,1,20,0.7299999999999999823,29.19999999999999929,'2026-02-17 13:36:04','2026-02-17 13:36:04',0,NULL,0,NULL);
INSERT INTO order_items VALUES(364,39,43,'Letër Salvete',2,1,8,NULL,NULL,'2026-02-17 13:36:04','2026-02-17 13:36:04',0,NULL,0,NULL);
INSERT INTO order_items VALUES(365,39,27,'Pipëza Transparente për Pije (100Cp - Kompleti 20Cp)',1,1,20,0.5500000000000000444,11,'2026-02-17 13:36:04','2026-02-17 13:36:04',0,NULL,0,NULL);
INSERT INTO order_items VALUES(366,39,28,'Pipëza Te Zi për Pije (100Cp - Kompleti 20Cp)',1,1,20,0.5500000000000000444,11,'2026-02-17 13:36:04','2026-02-17 13:36:04',0,NULL,0,NULL);
INSERT INTO order_items VALUES(367,39,29,'Pipëza Color për Pije (100Cp - Kompleti 20Cp)',1,1,20,0.5500000000000000444,11,'2026-02-17 13:36:04','2026-02-17 13:36:04',0,NULL,0,NULL);
INSERT INTO order_items VALUES(368,40,13,'Kese Mbeturinash 200L',1,1,20,NULL,NULL,'2026-02-17 22:37:55','2026-02-17 22:37:55',0,NULL,0,NULL);
INSERT INTO order_items VALUES(369,41,37,'Gota Letre Per Kafe 2.5oz',1,1,40,0.5500000000000000444,22,'2026-02-17 22:52:38','2026-02-17 22:52:38',0,NULL,0,NULL);
INSERT INTO order_items VALUES(370,41,38,'Gota Letre Per Kafe 3oz',2,1,20,0.5999999999999999778,24,'2026-02-17 22:52:38','2026-02-17 22:52:38',0,NULL,0,NULL);
INSERT INTO order_items VALUES(371,41,39,'Gota Letre Per Kafe 4oz',1,1,20,0.6500000000000000222,13,'2026-02-17 22:52:38','2026-02-17 22:52:38',0,NULL,0,NULL);
INSERT INTO order_items VALUES(372,41,40,'Gota Letre Per Kafe 7oz',2,1,20,0.75,30,'2026-02-17 22:52:38','2026-02-17 22:52:38',0,NULL,0,NULL);
INSERT INTO order_items VALUES(373,41,35,'Luga Kafe E Bardh 10cp Kompleti',5,1,10,0.8000000000000000444,40,'2026-02-17 22:52:38','2026-02-17 22:52:38',0,NULL,0,NULL);
INSERT INTO order_items VALUES(374,41,4,'Letër Kuzhine NUSH 2 Shtresa',5,1,12,0.75,45,'2026-02-17 22:52:38','2026-02-17 22:52:38',0,NULL,0,NULL);
INSERT INTO order_items VALUES(375,41,22,'Mbulesë Tavoline LDP',5,1,10,0.75,37.5,'2026-02-17 22:52:38','2026-02-17 22:52:38',0,NULL,0,NULL);
INSERT INTO order_items VALUES(376,41,8,'Kese Mbeturinash 40L',2,1,20,0.4000000000000000222,16,'2026-02-17 22:52:38','2026-02-17 22:52:38',0,NULL,0,NULL);
INSERT INTO order_items VALUES(377,41,9,'Kese Mbeturinash 70L',2,1,20,0.5500000000000000444,22,'2026-02-17 22:52:38','2026-02-17 22:52:38',0,NULL,0,NULL);
INSERT INTO order_items VALUES(378,41,10,'Kese Mbeturinash 120L',2,1,20,0.6500000000000000222,26,'2026-02-17 22:52:38','2026-02-17 22:52:38',0,NULL,0,NULL);
INSERT INTO order_items VALUES(379,41,11,'Kese Mbeturinash 150L',2,1,20,0.75,30,'2026-02-17 22:52:38','2026-02-17 22:52:38',0,NULL,0,NULL);
INSERT INTO order_items VALUES(380,41,12,'Kese Mbeturinash 170L',2,1,20,0.8499999999999999778,34,'2026-02-17 22:52:38','2026-02-17 22:52:38',0,NULL,0,NULL);
INSERT INTO order_items VALUES(381,41,13,'Kese Mbeturinash 200L',2,1,20,0.949999999999999956,38,'2026-02-17 22:52:38','2026-02-17 22:52:38',0,NULL,0,NULL);
INSERT INTO order_items VALUES(382,41,14,'Kese Mbeturinash 240L',3,1,20,1,60,'2026-02-17 22:52:38','2026-02-17 22:52:38',0,NULL,0,NULL);
INSERT INTO order_items VALUES(383,41,15,'Kese Mbeturinash 270L',3,1,20,1.199999999999999956,72,'2026-02-17 22:52:38','2026-02-17 22:52:38',0,NULL,0,NULL);
INSERT INTO order_items VALUES(384,41,16,'Kese Mbeturinash 300L',5,1,20,1.300000000000000044,130,'2026-02-17 22:52:38','2026-02-17 22:52:38',0,NULL,0,NULL);
INSERT INTO order_items VALUES(385,41,43,'Letër Salvete',5,1,8,0.25,10,'2026-02-17 22:52:38','2026-02-17 22:52:38',0,NULL,0,NULL);
INSERT INTO order_items VALUES(386,41,27,'Pipëza Transparente për Pije (100Cp - Kompleti 20Cp)',1,1,20,0.5500000000000000444,11,'2026-02-17 22:52:38','2026-02-17 22:52:38',0,NULL,0,NULL);
INSERT INTO order_items VALUES(387,41,28,'Pipëza Te Zi për Pije (100Cp - Kompleti 20Cp)',1,1,20,0.5500000000000000444,11,'2026-02-17 22:52:38','2026-02-17 22:52:38',0,NULL,0,NULL);
INSERT INTO order_items VALUES(388,41,29,'Pipëza Color për Pije (100Cp - Kompleti 20Cp)',1,1,20,0.5500000000000000444,11,'2026-02-17 22:52:38','2026-02-17 22:52:38',0,NULL,0,NULL);
INSERT INTO order_items VALUES(389,42,37,'Gota Letre Per Kafe 2.5oz',1,1,40,0.5500000000000000444,22,'2026-02-17 22:52:53','2026-02-17 22:52:53',0,NULL,0,NULL);
INSERT INTO order_items VALUES(390,42,38,'Gota Letre Per Kafe 3oz',2,1,20,0.5999999999999999778,24,'2026-02-17 22:52:53','2026-02-17 22:52:53',0,NULL,0,NULL);
INSERT INTO order_items VALUES(391,42,39,'Gota Letre Per Kafe 4oz',1,1,20,0.6500000000000000222,13,'2026-02-17 22:52:53','2026-02-17 22:52:53',0,NULL,0,NULL);
INSERT INTO order_items VALUES(392,42,40,'Gota Letre Per Kafe 7oz',2,1,20,0.75,30,'2026-02-17 22:52:53','2026-02-17 22:52:53',0,NULL,0,NULL);
INSERT INTO order_items VALUES(393,42,35,'Luga Kafe E Bardh 10cp Kompleti',5,1,10,0.8000000000000000444,40,'2026-02-17 22:52:53','2026-02-17 22:52:53',0,NULL,0,NULL);
INSERT INTO order_items VALUES(394,42,4,'Letër Kuzhine NUSH 2 Shtresa',5,1,12,0.75,45,'2026-02-17 22:52:53','2026-02-17 22:52:53',0,NULL,0,NULL);
INSERT INTO order_items VALUES(395,42,22,'Mbulesë Tavoline LDP',5,1,10,0.75,37.5,'2026-02-17 22:52:53','2026-02-17 22:52:53',0,NULL,0,NULL);
INSERT INTO order_items VALUES(396,42,8,'Kese Mbeturinash 40L',2,1,20,0.4000000000000000222,16,'2026-02-17 22:52:53','2026-02-17 22:52:53',0,NULL,0,NULL);
INSERT INTO order_items VALUES(397,42,9,'Kese Mbeturinash 70L',2,1,20,0.5500000000000000444,22,'2026-02-17 22:52:53','2026-02-17 22:52:53',0,NULL,0,NULL);
INSERT INTO order_items VALUES(398,42,10,'Kese Mbeturinash 120L',2,1,20,0.6500000000000000222,26,'2026-02-17 22:52:53','2026-02-17 22:52:53',0,NULL,0,NULL);
INSERT INTO order_items VALUES(399,42,11,'Kese Mbeturinash 150L',2,1,20,0.75,30,'2026-02-17 22:52:53','2026-02-17 22:52:53',0,NULL,0,NULL);
INSERT INTO order_items VALUES(400,42,12,'Kese Mbeturinash 170L',2,1,20,0.8499999999999999778,34,'2026-02-17 22:52:53','2026-02-17 22:52:53',0,NULL,0,NULL);
INSERT INTO order_items VALUES(401,42,13,'Kese Mbeturinash 200L',2,1,20,0.949999999999999956,38,'2026-02-17 22:52:53','2026-02-17 22:52:53',0,NULL,0,NULL);
INSERT INTO order_items VALUES(402,42,14,'Kese Mbeturinash 240L',3,1,20,1,60,'2026-02-17 22:52:53','2026-02-17 22:52:53',0,NULL,0,NULL);
INSERT INTO order_items VALUES(403,42,15,'Kese Mbeturinash 270L',3,1,20,1.199999999999999956,72,'2026-02-17 22:52:53','2026-02-17 22:52:53',0,NULL,0,NULL);
INSERT INTO order_items VALUES(404,42,16,'Kese Mbeturinash 300L',5,1,20,1.300000000000000044,130,'2026-02-17 22:52:53','2026-02-17 22:52:53',0,NULL,0,NULL);
INSERT INTO order_items VALUES(405,42,43,'Letër Salvete',5,1,8,0.25,10,'2026-02-17 22:52:53','2026-02-17 22:52:53',0,NULL,0,NULL);
INSERT INTO order_items VALUES(406,42,27,'Pipëza Transparente për Pije (100Cp - Kompleti 20Cp)',1,1,20,0.5500000000000000444,11,'2026-02-17 22:52:53','2026-02-17 22:52:53',0,NULL,0,NULL);
INSERT INTO order_items VALUES(407,42,28,'Pipëza Te Zi për Pije (100Cp - Kompleti 20Cp)',1,1,20,0.5500000000000000444,11,'2026-02-17 22:52:53','2026-02-17 22:52:53',0,NULL,0,NULL);
INSERT INTO order_items VALUES(408,42,29,'Pipëza Color për Pije (100Cp - Kompleti 20Cp)',1,1,20,0.5500000000000000444,11,'2026-02-17 22:52:53','2026-02-17 22:52:53',0,NULL,0,NULL);
INSERT INTO order_items VALUES(409,43,8,'Kese Mbeturinash 40L',5,1,20,0.2200000000000000011,22,'2026-02-19 06:56:58','2026-02-19 06:56:58',0,NULL,0,NULL);
INSERT INTO order_items VALUES(410,43,9,'Kese Mbeturinash 70L',5,1,20,0.25,25,'2026-02-19 06:56:58','2026-02-19 06:56:58',0,NULL,0,NULL);
INSERT INTO order_items VALUES(411,43,10,'Kese Mbeturinash 120L',5,1,20,0.3499999999999999778,35,'2026-02-19 06:56:58','2026-02-19 06:56:58',0,NULL,0,NULL);
INSERT INTO order_items VALUES(412,43,11,'Kese Mbeturinash 150L',5,1,20,0.4199999999999999845,42,'2026-02-19 06:56:58','2026-02-19 06:56:58',0,NULL,0,NULL);
INSERT INTO order_items VALUES(413,43,12,'Kese Mbeturinash 170L',5,1,20,0.5300000000000000266,53,'2026-02-19 06:56:58','2026-02-19 06:56:58',0,NULL,0,NULL);
INSERT INTO order_items VALUES(414,43,13,'Kese Mbeturinash 200L',5,1,20,0.5999999999999999778,60,'2026-02-19 06:56:58','2026-02-19 06:56:58',0,NULL,0,NULL);
INSERT INTO order_items VALUES(415,43,14,'Kese Mbeturinash 240L',5,1,20,0.6999999999999999556,70,'2026-02-19 06:56:58','2026-02-19 06:56:58',0,NULL,0,NULL);
INSERT INTO order_items VALUES(416,43,15,'Kese Mbeturinash 270L',5,1,20,0.6999999999999999556,70,'2026-02-19 06:56:58','2026-02-19 06:56:58',0,NULL,0,NULL);
INSERT INTO order_items VALUES(417,43,16,'Kese Mbeturinash 300L',10,1,20,0.6999999999999999556,140,'2026-02-19 06:56:58','2026-02-19 06:56:58',0,NULL,0,NULL);
INSERT INTO order_items VALUES(418,44,8,'Kese Mbeturinash 40L',5,1,20,0.2200000000000000011,22,'2026-02-19 06:57:03','2026-02-19 06:57:03',0,NULL,0,NULL);
INSERT INTO order_items VALUES(419,44,9,'Kese Mbeturinash 70L',5,1,20,0.25,25,'2026-02-19 06:57:03','2026-02-19 06:57:03',0,NULL,0,NULL);
INSERT INTO order_items VALUES(420,44,10,'Kese Mbeturinash 120L',5,1,20,0.3499999999999999778,35,'2026-02-19 06:57:03','2026-02-19 06:57:03',0,NULL,0,NULL);
INSERT INTO order_items VALUES(421,44,11,'Kese Mbeturinash 150L',5,1,20,0.4199999999999999845,42,'2026-02-19 06:57:03','2026-02-19 06:57:03',0,NULL,0,NULL);
INSERT INTO order_items VALUES(422,44,12,'Kese Mbeturinash 170L',5,1,20,0.5300000000000000266,53,'2026-02-19 06:57:03','2026-02-19 06:57:03',0,NULL,0,NULL);
INSERT INTO order_items VALUES(423,44,13,'Kese Mbeturinash 200L',5,1,20,0.5999999999999999778,60,'2026-02-19 06:57:03','2026-02-19 06:57:03',0,NULL,0,NULL);
INSERT INTO order_items VALUES(424,44,14,'Kese Mbeturinash 240L',5,1,20,0.6999999999999999556,70,'2026-02-19 06:57:03','2026-02-19 06:57:03',0,NULL,0,NULL);
INSERT INTO order_items VALUES(425,44,15,'Kese Mbeturinash 270L',5,1,20,0.6999999999999999556,70,'2026-02-19 06:57:03','2026-02-19 06:57:03',0,NULL,0,NULL);
INSERT INTO order_items VALUES(426,44,16,'Kese Mbeturinash 300L',10,1,20,0.6999999999999999556,140,'2026-02-19 06:57:03','2026-02-19 06:57:03',0,NULL,0,NULL);
INSERT INTO order_items VALUES(427,45,8,'Kese Mbeturinash 40L',5,1,20,0.2200000000000000011,22,'2026-02-19 06:57:10','2026-02-19 06:57:10',0,NULL,0,NULL);
INSERT INTO order_items VALUES(428,45,9,'Kese Mbeturinash 70L',5,1,20,0.25,25,'2026-02-19 06:57:10','2026-02-19 06:57:10',0,NULL,0,NULL);
INSERT INTO order_items VALUES(429,45,10,'Kese Mbeturinash 120L',5,1,20,0.3499999999999999778,35,'2026-02-19 06:57:10','2026-02-19 06:57:10',0,NULL,0,NULL);
INSERT INTO order_items VALUES(430,45,11,'Kese Mbeturinash 150L',5,1,20,0.4199999999999999845,42,'2026-02-19 06:57:10','2026-02-19 06:57:10',0,NULL,0,NULL);
INSERT INTO order_items VALUES(431,45,12,'Kese Mbeturinash 170L',5,1,20,0.5300000000000000266,53,'2026-02-19 06:57:10','2026-02-19 06:57:10',0,NULL,0,NULL);
INSERT INTO order_items VALUES(432,45,13,'Kese Mbeturinash 200L',5,1,20,0.5999999999999999778,60,'2026-02-19 06:57:10','2026-02-19 06:57:10',0,NULL,0,NULL);
INSERT INTO order_items VALUES(433,45,14,'Kese Mbeturinash 240L',5,1,20,0.6999999999999999556,70,'2026-02-19 06:57:10','2026-02-19 06:57:10',0,NULL,0,NULL);
INSERT INTO order_items VALUES(434,45,15,'Kese Mbeturinash 270L',5,1,20,0.6999999999999999556,70,'2026-02-19 06:57:10','2026-02-19 06:57:10',0,NULL,0,NULL);
INSERT INTO order_items VALUES(435,45,16,'Kese Mbeturinash 300L',10,1,20,0.6999999999999999556,140,'2026-02-19 06:57:10','2026-02-19 06:57:10',0,NULL,0,NULL);
INSERT INTO order_items VALUES(436,46,8,'Kese Mbeturinash 40L',9,1,20,0.2200000000000000011,39.60000000000000142,'2026-02-20 22:58:28','2026-02-20 22:58:28',0,NULL,0,NULL);
INSERT INTO order_items VALUES(437,46,9,'Kese Mbeturinash 70L',5,1,20,0.25,25,'2026-02-20 22:58:28','2026-02-20 22:58:28',0,NULL,0,NULL);
INSERT INTO order_items VALUES(438,46,10,'Kese Mbeturinash 120L',5,1,20,0.3499999999999999778,35,'2026-02-20 22:58:28','2026-02-20 22:58:28',0,NULL,0,NULL);
INSERT INTO order_items VALUES(439,46,11,'Kese Mbeturinash 150L',5,1,20,0.4199999999999999845,42,'2026-02-20 22:58:28','2026-02-20 22:58:28',0,NULL,0,NULL);
INSERT INTO order_items VALUES(440,46,12,'Kese Mbeturinash 170L',5,1,20,0.5300000000000000266,53,'2026-02-20 22:58:28','2026-02-20 22:58:28',0,NULL,0,NULL);
INSERT INTO order_items VALUES(441,46,16,'Kese Mbeturinash 300L',5,1,20,0.6999999999999999556,70,'2026-02-20 22:58:28','2026-02-20 22:58:28',0,NULL,0,NULL);
INSERT INTO order_items VALUES(442,47,8,'Kese Mbeturinash 40L',9,1,20,0.2200000000000000011,39.60000000000000142,'2026-02-20 22:58:32','2026-02-20 22:58:32',0,NULL,0,NULL);
INSERT INTO order_items VALUES(443,47,9,'Kese Mbeturinash 70L',5,1,20,0.25,25,'2026-02-20 22:58:32','2026-02-20 22:58:32',0,NULL,0,NULL);
INSERT INTO order_items VALUES(444,47,10,'Kese Mbeturinash 120L',5,1,20,0.3499999999999999778,35,'2026-02-20 22:58:32','2026-02-20 22:58:32',0,NULL,0,NULL);
INSERT INTO order_items VALUES(445,47,11,'Kese Mbeturinash 150L',5,1,20,0.4199999999999999845,42,'2026-02-20 22:58:32','2026-02-20 22:58:32',0,NULL,0,NULL);
INSERT INTO order_items VALUES(446,47,12,'Kese Mbeturinash 170L',5,1,20,0.5300000000000000266,53,'2026-02-20 22:58:32','2026-02-20 22:58:32',0,NULL,0,NULL);
INSERT INTO order_items VALUES(447,47,16,'Kese Mbeturinash 300L',5,1,20,0.6999999999999999556,70,'2026-02-20 22:58:32','2026-02-20 22:58:32',0,NULL,0,NULL);
INSERT INTO order_items VALUES(448,48,8,'Kese Mbeturinash 40L',9,1,20,0.2200000000000000011,39.60000000000000142,'2026-02-20 23:37:56','2026-02-20 23:37:56',0,NULL,0,NULL);
INSERT INTO order_items VALUES(449,48,9,'Kese Mbeturinash 70L',5,1,20,0.25,25,'2026-02-20 23:37:56','2026-02-20 23:37:56',0,NULL,0,NULL);
INSERT INTO order_items VALUES(450,48,10,'Kese Mbeturinash 120L',5,1,20,0.3499999999999999778,35,'2026-02-20 23:37:56','2026-02-20 23:37:56',0,NULL,0,NULL);
INSERT INTO order_items VALUES(451,48,11,'Kese Mbeturinash 150L',5,1,20,0.4199999999999999845,42,'2026-02-20 23:37:56','2026-02-20 23:37:56',0,NULL,0,NULL);
INSERT INTO order_items VALUES(452,48,12,'Kese Mbeturinash 170L',5,1,20,0.5300000000000000266,53,'2026-02-20 23:37:56','2026-02-20 23:37:56',0,NULL,0,NULL);
INSERT INTO order_items VALUES(453,48,16,'Kese Mbeturinash 300L',5,1,20,0.6999999999999999556,70,'2026-02-20 23:37:56','2026-02-20 23:37:56',0,NULL,0,NULL);
INSERT INTO order_items VALUES(454,49,37,'Gota Letre Per Kafe 2.5oz',2,1,40,0.3499999999999999778,28,'2026-03-01 18:40:03','2026-03-01 18:40:03',0,NULL,0,NULL);
INSERT INTO order_items VALUES(455,49,38,'Gota Letre Per Kafe 3oz',4,1,20,0.4500000000000000111,36,'2026-03-01 18:40:03','2026-03-01 18:40:03',0,NULL,0,NULL);
INSERT INTO order_items VALUES(456,49,39,'Gota Letre Per Kafe 4oz',4,1,20,0.5500000000000000444,44,'2026-03-01 18:40:03','2026-03-01 18:40:03',0,NULL,0,NULL);
INSERT INTO order_items VALUES(457,49,40,'Gota Letre Per Kafe 7oz',4,1,20,0.6500000000000000222,52,'2026-03-01 18:40:03','2026-03-01 18:40:03',0,NULL,0,NULL);
INSERT INTO order_items VALUES(458,50,37,'Gota Letre Per Kafe 2.5oz',1,1,40,0.5,20,'2026-03-02 12:02:19','2026-03-02 12:02:19',0,NULL,0,NULL);
INSERT INTO order_items VALUES(459,50,38,'Gota Letre Per Kafe 3oz',2,1,20,0.5999999999999999778,24,'2026-03-02 12:02:19','2026-03-02 12:02:19',0,NULL,0,NULL);
INSERT INTO order_items VALUES(460,50,39,'Gota Letre Per Kafe 4oz',2,1,20,0.6500000000000000222,26,'2026-03-02 12:02:19','2026-03-02 12:02:19',0,NULL,0,NULL);
CREATE TABLE IF NOT EXISTS "suppliers" ("id" integer primary key autoincrement not null, "name" varchar not null, "contact_person" varchar, "email" varchar, "phone" varchar, "address" varchar, "notes" text, "is_active" tinyint(1) not null default '1', "created_at" datetime, "updated_at" datetime, "deleted_at" datetime);
INSERT INTO suppliers VALUES(1,'Nori Group','044111222',NULL,'044111222','Ramjan-Ferizaj',NULL,1,'2025-11-28 09:13:08','2025-11-28 09:13:08',NULL);
INSERT INTO suppliers VALUES(2,'LDPE PLAST',NULL,NULL,'044121212',NULL,NULL,1,'2025-11-28 09:19:39','2025-11-28 09:19:39',NULL);
INSERT INTO suppliers VALUES(3,'Drida',NULL,NULL,'044555666','Kacanik',NULL,1,'2025-11-29 05:07:37','2025-11-29 05:07:37',NULL);
CREATE TABLE IF NOT EXISTS "products" ("id" integer primary key autoincrement not null, "category_id" integer not null, "name" varchar not null, "slug" varchar not null, "description" text, "price" numeric, "image_path" varchar, "is_featured" tinyint(1) not null default ('0'), "created_at" datetime, "updated_at" datetime, "sort_order" integer not null default ('0'), "sold_by_package" tinyint(1) not null default ('0'), "pieces_per_package" integer, "supplier_id" integer, "stock_quantity" integer not null default '0', "cost_price" numeric, "min_stock_level" integer not null default '0', "deleted_at" datetime, "size" varchar, "liters" varchar, "barcode" varchar, foreign key("category_id") references categories("id") on delete cascade on update no action, foreign key("supplier_id") references "suppliers"("id") on delete set null);
INSERT INTO products VALUES(3,3,'Folie Alumini 9 Micron','folie-alumini-9-micron','Folie alumini profesionale me trashësi 9 micron për ruajtjen dhe mbrojtjen e ushqimit. Cilësi e lartë, rezistente ndaj temperaturës dhe të sigurta për kontakt me ushqim. Ideal për ruajtjen e ushqimit, përgatitjen e pjatave dhe përdorim profesional në kuzhinë. Siguron mbrojtje të plotë nga ajri dhe lagështia.',NULL,'/images/IMG_6814.jpeg',1,'2025-11-26 05:20:19','2026-02-19 05:02:32',0,1,12,NULL,0,3.799999999999999823,0,NULL,NULL,NULL,'GT-FOLIE-ALUMINI-9-MICRON');
INSERT INTO products VALUES(4,4,'Letër Kuzhine NUSH 2 Shtresa','leter-kuzhine-nush-2-shtresa',replace(replace('Letër kuzhine NUSH me 2 shtresa, 100% celulozë të pastër. Absorbueshme, të buta dhe të qëndrueshme. Ideal për pastrimin e kuzhinës, tavolinave dhe sipërfaqeve të tjera. Materiali i pastër siguron siguri dhe higjienë të plotë. Përshtatet për përdorim profesional dhe shtëpiak.\r\n\r\n**Paketimi:** Shitet vetëm në komplete. 1 kompleti = 12 copa.','\r',char(13)),'\n',char(10)),NULL,'/images/Pallomat/XL/foto1.png',1,'2025-11-26 05:20:19','2026-03-01 22:01:34',0,1,12,NULL,0,NULL,0,NULL,NULL,NULL,'3900000000048');
INSERT INTO products VALUES(5,6,'Baby Wipes Canéa Aqua Pure','baby-wipes-canea-aqua-pure','Peceta të lagura Canéa Aqua Pure për fëmijë. Formula e butë dhe e sigurt për lëkurën e ndjeshme të fëmijëve. Përmbajnë ujë të pastër dhe përbërës natyralë. Ideal për pastrimin e fëmijëve, si dhe për përdorim në kuzhinë për pastrimin e duarve dhe sipërfaqeve. Paketimi praktik dhe i lehtë për transport.',0.6500000000000000222,'/images/IMG_6818.jpeg',1,'2025-11-26 05:20:19','2026-02-19 06:24:28',0,1,10,NULL,0,0.5500000000000000444,0,NULL,NULL,NULL,'3900000000055');
INSERT INTO products VALUES(8,5,'Kese Mbeturinash 40L','kese-mbeturinash-40l',replace(replace('Kese mbeturinash 40L të forta dhe të qëndrueshme për përdorim profesional dhe shtëpiak. Materiali i fortë siguron qëndrueshmëri dhe siguri. Ideal për përdorim të vogël në restorante, kafetë, evente dhe përdorim shtëpiak. Rezistente ndaj thyerjes dhe të sigurta për transport.\r\n\r\n**Paketimi:** Shitet vetëm në komplete. 1 kompleti = 20 copa.','\r',char(13)),'\n',char(10)),NULL,'/storage/products/efQf9bOoblf9vOcMJfG3EkAiDOOmNMZ6KMxQiwpf.png',1,'2025-11-26 05:20:19','2026-02-20 23:53:56',1,1,20,NULL,0,0.1499999999999999945,0,NULL,'45x55','40L','3900000000086');
INSERT INTO products VALUES(9,5,'Kese Mbeturinash 70L','kese-mbeturinash-70l',replace(replace('Kese mbeturinash 70L të forta dhe të qëndrueshme për përdorim profesional dhe shtëpiak. Materiali i fortë siguron qëndrueshmëri dhe siguri. Ideal për përdorim të mesëm në restorante, kafetë, evente dhe përdorim profesional. Rezistente ndaj thyerjes dhe të sigurta për transport.\r\n\r\n**Paketimi:** Shitet vetëm në komplete. 1 kompleti = 20 copa.','\r',char(13)),'\n',char(10)),NULL,'/images/IMG_6815.jpeg',1,'2025-11-26 05:20:19','2026-02-20 22:58:28',2,1,20,NULL,0,0.1700000000000000122,0,NULL,'55x75','70L','3900000000093');
INSERT INTO products VALUES(10,5,'Kese Mbeturinash 120L','kese-mbeturinash-120l',replace(replace('Kese mbeturinash 120L të forta dhe të qëndrueshme për përdorim profesional dhe shtëpiak. Materiali i fortë siguron qëndrueshmëri dhe siguri. Ideal për përdorim të madh në restorante, kafetë, evente dhe përdorim profesional. Rezistente ndaj thyerjes dhe të sigurta për transport.\r\n\r\n**Paketimi:** Shitet vetëm në komplete. 1 kompleti = 20 copa.','\r',char(13)),'\n',char(10)),NULL,'/images/IMG_6815.jpeg',1,'2025-11-26 05:20:19','2026-02-20 22:58:28',3,1,20,NULL,0,0.2000000000000000111,0,NULL,'65x110','120L','3900000000109');
INSERT INTO products VALUES(11,5,'Kese Mbeturinash 150L','kese-mbeturinash-150l',replace(replace('Kese mbeturinash 150L të forta dhe të qëndrueshme për përdorim profesional dhe shtëpiak. Materiali i fortë siguron qëndrueshmëri dhe siguri. Ideal për përdorim profesional në restorante, kafetë, evente dhe përdorim komercial. Rezistente ndaj thyerjes dhe të sigurta për transport.\r\n\r\n**Paketimi:** Shitet vetëm në komplete. 1 kompleti = 20 copa.','\r',char(13)),'\n',char(10)),NULL,'/images/IMG_6815.jpeg',1,'2025-11-26 05:20:19','2026-02-20 22:58:28',4,1,20,NULL,0,0.2200000000000000011,0,NULL,'70x115','150L','3900000000116');
INSERT INTO products VALUES(12,5,'Kese Mbeturinash 170L','kese-mbeturinash-170l',replace(replace('Kese mbeturinash 170L të forta dhe të qëndrueshme për përdorim profesional dhe shtëpiak. Materiali i fortë siguron qëndrueshmëri dhe siguri. Ideal për përdorim intensiv në restorante, kafetë, evente dhe përdorim komercial. Rezistente ndaj thyerjes dhe të sigurta për transport.\r\n\r\n**Paketimi:** Shitet vetëm në komplete. 1 kompleti = 20 copa.','\r',char(13)),'\n',char(10)),NULL,'/images/IMG_6815.jpeg',1,'2025-11-26 05:20:19','2026-02-20 22:58:28',5,1,20,NULL,0,0.2399999999999999912,0,NULL,'75x120','170L','3900000000123');
INSERT INTO products VALUES(13,5,'Kese Mbeturinash 200L','kese-mbeturinash-200l',replace(replace('Kese mbeturinash 200L të forta dhe të qëndrueshme për përdorim profesional dhe shtëpiak. Materiali i fortë siguron qëndrueshmëri dhe siguri. Ideal për përdorim komercial në restorante, kafetë, evente dhe përdorim profesional. Rezistente ndaj thyerjes dhe të sigurta për transport.\r\n\r\n**Paketimi:** Shitet vetëm në komplete. 1 kompleti = 20 copa.','\r',char(13)),'\n',char(10)),NULL,'/images/IMG_6815.jpeg',1,'2025-11-26 05:20:19','2026-02-21 03:56:07',6,1,20,NULL,0,0.2999999999999999889,0,NULL,'80x125','200L','3904481760152');
INSERT INTO products VALUES(14,5,'Kese Mbeturinash 240L','kese-mbeturinash-240l',replace(replace('Kese mbeturinash 240L të forta dhe të qëndrueshme për përdorim profesional dhe shtëpiak. Materiali i fortë siguron qëndrueshmëri dhe siguri. Ideal për përdorim industrial në restorante, kafetë, evente dhe përdorim komercial. Rezistente ndaj thyerjes dhe të sigurta për transport.\r\n\r\n**Paketimi:** Shitet vetëm në komplete. 1 kompleti = 20 copa.','\r',char(13)),'\n',char(10)),NULL,'/images/IMG_6815.jpeg',1,'2025-11-26 05:20:19','2026-03-02 03:15:35',7,1,20,NULL,0,0.5,0,NULL,'85x130','240L','3900000000147');
INSERT INTO products VALUES(15,5,'Kese Mbeturinash 270L','kese-mbeturinash-270l',replace(replace('Kese mbeturinash 270L të forta dhe të qëndrueshme për përdorim profesional dhe shtëpiak. Materiali i fortë siguron qëndrueshmëri dhe siguri. Ideal për përdorim të gjerë në restorante, kafetë, evente dhe përdorim komercial. Rezistente ndaj thyerjes dhe të sigurta për transport.\r\n\r\n**Paketimi:** Shitet vetëm në komplete. 1 kompleti = 20 copa.','\r',char(13)),'\n',char(10)),NULL,'/images/IMG_6815.jpeg',1,'2025-11-26 05:20:19','2026-03-02 03:15:35',8,1,20,NULL,0,0.5999999999999999778,0,NULL,'90x130','270L','3900000000154');
INSERT INTO products VALUES(16,5,'Kese Mbeturinash 300L','kese-mbeturinash-300l',replace(replace('Kese mbeturinash 300L të forta dhe të qëndrueshme për përdorim profesional dhe shtëpiak. Materiali i fortë siguron qëndrueshmëri dhe siguri. Ideal për përdorim maksimal në restorante, kafetë, evente dhe përdorim komercial. Rezistente ndaj thyerjes dhe të sigurta për transport.\r\n\r\n**Paketimi:** Shitet vetëm në komplete. 1 kompleti = 20 copa.','\r',char(13)),'\n',char(10)),NULL,'/images/IMG_6815.jpeg',1,'2025-11-26 05:20:19','2026-02-20 22:58:28',9,1,20,NULL,0,0.5999999999999999778,0,NULL,'95x140','300L','3900000000161');
INSERT INTO products VALUES(17,5,'Kese Mbeturinash 70L ME LIDHSE','kese-mbeturinash-70l-me-lidhse',replace('Kese mbeturinash 70L me lidhse të forta dhe të qëndrueshme për përdorim profesional dhe shtëpiak. Materiali i fortë siguron qëndrueshmëri dhe siguri. Lidhja e sigurt siguron mbyllje të plotë dhe mbrojtje nga lagështia. Ideal për përdorim të mesëm në restorante, kafetë, evente dhe përdorim profesional. Rezistente ndaj thyerjes dhe të sigurta për transport.\n\n**Paketimi:** Shitet vetëm në komplete. 1 kompleti = 20 copa.','\n',char(10)),NULL,'/images/IMG_6815.jpeg',1,'2025-11-26 05:20:19','2026-02-19 04:47:25',10,1,20,NULL,0,NULL,0,NULL,'55x75','70L','GT-KM-70L-ML');
INSERT INTO products VALUES(18,5,'Kese Mbeturinash 120L ME LIDHSE','kese-mbeturinash-120l-me-lidhse',replace('Kese mbeturinash 120L me lidhse të forta dhe të qëndrueshme për përdorim profesional dhe shtëpiak. Materiali i fortë siguron qëndrueshmëri dhe siguri. Lidhja e sigurt siguron mbyllje të plotë dhe mbrojtje nga lagështia. Ideal për përdorim të madh në restorante, kafetë, evente dhe përdorim profesional. Rezistente ndaj thyerjes dhe të sigurta për transport.\n\n**Paketimi:** Shitet vetëm në komplete. 1 kompleti = 20 copa.','\n',char(10)),NULL,'/images/IMG_6815.jpeg',1,'2025-11-26 05:20:19','2026-02-19 04:47:25',11,1,20,NULL,0,NULL,0,NULL,'65x110','120L','GT-KM-120L-ML');
INSERT INTO products VALUES(19,5,'Kese Mbeturinash 200L ME LIDHSE','kese-mbeturinash-200l-me-lidhse',replace('Kese mbeturinash 200L me lidhse të forta dhe të qëndrueshme për përdorim profesional dhe shtëpiak. Materiali i fortë siguron qëndrueshmëri dhe siguri. Lidhja e sigurt siguron mbyllje të plotë dhe mbrojtje nga lagështia. Ideal për përdorim komercial në restorante, kafetë, evente dhe përdorim profesional. Rezistente ndaj thyerjes dhe të sigurta për transport.\n\n**Paketimi:** Shitet vetëm në komplete. 1 kompleti = 20 copa.','\n',char(10)),NULL,'/images/IMG_6815.jpeg',1,'2025-11-26 05:20:19','2026-02-19 04:47:25',12,1,20,NULL,0,NULL,0,NULL,'80x125','200L','GT-KM-200L-ML');
INSERT INTO products VALUES(20,5,'Kese Mbeturinash 220L ME LIDHSE','kese-mbeturinash-220l-me-lidhse',replace('Kese mbeturinash 220L me lidhse të forta dhe të qëndrueshme për përdorim profesional dhe shtëpiak. Materiali i fortë siguron qëndrueshmëri dhe siguri. Lidhja e sigurt siguron mbyllje të plotë dhe mbrojtje nga lagështia. Ideal për përdorim komercial në restorante, kafetë, evente dhe përdorim profesional. Rezistente ndaj thyerjes dhe të sigurta për transport.\n\n**Paketimi:** Shitet vetëm në komplete. 1 kompleti = 20 copa.','\n',char(10)),NULL,'/images/IMG_6815.jpeg',1,'2025-11-26 05:20:19','2026-02-19 04:47:25',13,1,20,NULL,0,NULL,0,NULL,'82x128','220L','GT-KM-220L-ML');
INSERT INTO products VALUES(22,7,'Mbulesë Tavoline NUSH','mbulese-tavoline-nush','Mbulesë tavoline LDP (Low Density Polyethylene) për mbrojtjen e tavolinave. Materiali i qëndrueshëm dhe i lehtë siguron mbrojtje të plotë nga pika, ndotja dhe dëmtimet. Ideal për restorantet, kafetë, evente dhe përdorim shtëpiak. Lehtë për pastrim dhe përdorim të përsëritur. Transparenca lejon shikimin e dizajnit të tavolinës.',NULL,'/images/Mbulesa Tavoline/foto1.jpg',1,'2025-11-26 05:20:19','2026-03-01 21:54:53',2,1,10,NULL,0,0.5999999999999999778,0,NULL,NULL,NULL,'3904981700200');
INSERT INTO products VALUES(26,7,'Produkt Shtesë 3','produkt-shtese-3','Produkt shtesë i cilësisë së lartë për kuzhinë dhe biznes. Materiali i sigurt dhe i qëndrueshëm siguron përdorim të besueshëm. Ideal për përdorim profesional në restorante, kafetë, markete dhe përdorim shtëpiak. Dizajni praktik dhe funksional. Përshtatet për nevojat e ndryshme të kuzhinës dhe siguron cilësi të lartë në përdorim.',NULL,'/images/IMG_6825.jpeg',0,'2025-11-26 05:20:19','2026-02-19 05:02:32',0,0,NULL,NULL,0,NULL,0,NULL,NULL,NULL,'GT-PRODUKT-SHTESE-3');
INSERT INTO products VALUES(27,1,'Pipëza Transparente për Pije (100Cp - Kompleti 20Cp)','pipeza-transparente-per-pije-100cp-kompleti-20cp',replace('Pipëza transparente të qarta 100Cp për pije të ndryshme. Materiali i pastër dhe i sigurt për përdorim. Të qëndrueshme dhe të lehta. Ideal për kafetë, restorantet, evente dhe përdorim shtëpiak. Transparenca lejon shikimin e pijes dhe krijon një pamje elegante. Përshtatet për pije të nxehta dhe të ftohta.\n\n**Paketimi:** Shitet vetëm në komplete. 1 kompleti = 20 copa.','\n',char(10)),NULL,'/images/IMG_6819.jpeg',0,'2025-11-26 06:46:33','2026-02-19 05:02:32',14,1,20,NULL,0,NULL,0,NULL,NULL,NULL,'GT-PIPEZA-TRANSPARENTE-PER-PIJE-100CP-KOMPLETI-20CP');
INSERT INTO products VALUES(28,1,'Pipëza Te Zi për Pije (100Cp - Kompleti 20Cp)','pipeza-te-zi-per-pije-100cp-kompleti-20cp',replace('Pipëza plastike të zeza 100Cp të cilësisë së lartë për pije të ndryshme. Të qëndrueshme, të sigurta për përdorim dhe të lehta. Përshtaten për pije të nxehta dhe të ftohta. Ideal për kafetë, restorantet, evente dhe përdorim shtëpiak. Dizajni elegant i zi i përshtatet me çdo ambient.\n\n**Paketimi:** Shitet vetëm në komplete. 1 kompleti = 20 copa.','\n',char(10)),NULL,'/images/IMG_6822.jpeg',0,'2025-11-26 06:46:33','2026-02-19 05:02:32',15,1,20,NULL,0,NULL,0,NULL,NULL,NULL,'GT-PIPEZA-TE-ZI-PER-PIJE-100CP-KOMPLETI-20CP');
INSERT INTO products VALUES(29,1,'Pipëza Color për Pije (100Cp - Kompleti 20Cp)','pipeza-color-per-pije-100cp-kompleti-20cp',replace(replace('Pipëza me ngjyra të ndryshme 100Cp për pije. Dizajn i bukur dhe i gjallë që i përshtatet çdo ambienti. Të qëndrueshme, të sigurta për përdorim dhe të lehta. Ideal për evente, festa, restorantet dhe kafetë. Ngjyrat e ndryshme lejojnë organizimin dhe dallimin e pijeve të ndryshme. Përshtatet për pije të nxehta dhe të ftohta.\r\n\r\n**Paketimi:** Shitet vetëm në komplete. 1 kompleti = 20 copa.','\r',char(13)),'\n',char(10)),NULL,'/images/Pipat/Pipa-100cp/Color/foto1.jpg',1,'2025-11-26 06:46:33','2026-03-01 21:54:35',16,1,20,NULL,0,NULL,0,NULL,NULL,NULL,'GT-PIPEZA-COLOR-PER-PIJE-100CP-KOMPLETI-20CP');
INSERT INTO products VALUES(30,1,'Pipëza Transparente për Pije (200Cp - Kompleti 20Cp)','pipeza-transparente-per-pije-200cp-kompleti-20cp',replace('Pipëza transparente të qarta 200Cp për pije të ndryshme. Materiali i pastër dhe i sigurt për përdorim. Të qëndrueshme dhe të lehta. Ideal për kafetë, restorantet, evente dhe përdorim shtëpiak. Transparenca lejon shikimin e pijes dhe krijon një pamje elegante. Përshtatet për pije të nxehta dhe të ftohta.\n\n**Paketimi:** Shitet vetëm në komplete. 1 kompleti = 20 copa.','\n',char(10)),NULL,'/images/IMG_6819.jpeg',0,'2025-11-26 06:46:33','2026-02-19 05:02:32',17,1,20,NULL,0,NULL,0,NULL,NULL,NULL,'GT-PIPEZA-TRANSPARENTE-PER-PIJE-200CP-KOMPLETI-20CP');
INSERT INTO products VALUES(31,1,'Pipëza Te Zi për Pije (200Cp - Kompleti 20Cp)','pipeza-te-zi-per-pije-200cp-kompleti-20cp',replace('Pipëza plastike të zeza 200Cp të cilësisë së lartë për pije të ndryshme. Të qëndrueshme, të sigurta për përdorim dhe të lehta. Përshtaten për pije të nxehta dhe të ftohta. Ideal për kafetë, restorantet, evente dhe përdorim shtëpiak. Dizajni elegant i zi i përshtatet me çdo ambient.\n\n**Paketimi:** Shitet vetëm në komplete. 1 kompleti = 20 copa.','\n',char(10)),NULL,'/images/IMG_6822.jpeg',0,'2025-11-26 06:46:33','2026-02-19 05:02:32',18,1,20,NULL,0,NULL,0,NULL,NULL,NULL,'GT-PIPEZA-TE-ZI-PER-PIJE-200CP-KOMPLETI-20CP');
INSERT INTO products VALUES(32,1,'Pipëza Color për Pije (200Cp - Kompleti 20Cp)','pipeza-color-per-pije-200cp-kompleti-20cp',replace('Pipëza me ngjyra të ndryshme 200Cp për pije. Dizajn i bukur dhe i gjallë që i përshtatet çdo ambienti. Të qëndrueshme, të sigurta për përdorim dhe të lehta. Ideal për evente, festa, restorantet dhe kafetë. Ngjyrat e ndryshme lejojnë organizimin dhe dallimin e pijeve të ndryshme. Përshtatet për pije të nxehta dhe të ftohta.\n\n**Paketimi:** Shitet vetëm në komplete. 1 kompleti = 20 copa.','\n',char(10)),NULL,'/images/IMG_6816.jpeg',0,'2025-11-26 06:46:33','2026-02-19 05:02:32',19,1,20,NULL,0,NULL,0,NULL,NULL,NULL,'GT-PIPEZA-COLOR-PER-PIJE-200CP-KOMPLETI-20CP');
INSERT INTO products VALUES(33,1,'Pipëza Te Zi për Pije (500Cp - Kompleti 10Cp)','pipeza-te-zi-per-pije-500cp-kompleti-10cp',replace('Pipëza plastike të zeza 500Cp të cilësisë së lartë për pije të mëdha. Të qëndrueshme, të sigurta për përdorim dhe të lehta. Përshtaten për pije të nxehta dhe të ftohta. Ideal për kafetë, restorantet, evente dhe përdorim shtëpiak. Dizajni elegant i zi i përshtatet me çdo ambient.\n\n**Paketimi:** Shitet vetëm në komplete. 1 kompleti = 10 copa.','\n',char(10)),NULL,'/images/IMG_6822.jpeg',0,'2025-11-26 06:46:33','2026-02-19 05:02:32',20,1,10,NULL,0,NULL,0,NULL,NULL,NULL,'GT-PIPEZA-TE-ZI-PER-PIJE-500CP-KOMPLETI-10CP');
INSERT INTO products VALUES(34,1,'Pipëza Color për Pije (500Cp - Kompleti 10Cp)','pipeza-color-per-pije-500cp-kompleti-10cp',replace('Pipëza me ngjyra të ndryshme 500Cp për pije të mëdha. Dizajn i bukur dhe i gjallë që i përshtatet çdo ambienti. Të qëndrueshme, të sigurta për përdorim dhe të lehta. Ideal për evente, festa, restorantet dhe kafetë. Ngjyrat e ndryshme lejojnë organizimin dhe dallimin e pijeve të ndryshme. Përshtatet për pije të nxehta dhe të ftohta.\n\n**Paketimi:** Shitet vetëm në komplete. 1 kompleti = 10 copa.','\n',char(10)),NULL,'/images/IMG_6816.jpeg',0,'2025-11-26 06:46:33','2026-02-19 05:02:32',21,1,10,NULL,0,NULL,0,NULL,NULL,NULL,'GT-PIPEZA-COLOR-PER-PIJE-500CP-KOMPLETI-10CP');
INSERT INTO products VALUES(35,2,'Luga Kafe E Bardh 10cp Kompleti','luga-kafe-e-bardh-10cp-kompleti',replace(replace('Luga kafe e bardhë profesionale 10cp për përzierjen e kafesë. Materiali i sigurt dhe i qëndrueshëm siguron përdorim të besueshëm. Ideal për kafetë, restorantet dhe përdorim shtëpiak. Dizajni elegant dhe praktik.\r\n\r\n**Paketimi:** Shitet vetëm në komplete. 1 kompleti = 10 copa.','\r',char(13)),'\n',char(10)),NULL,'/images/lugakafe.jpeg',1,'2025-11-26 07:04:13','2026-02-19 06:24:18',0,1,10,NULL,0,NULL,0,NULL,NULL,NULL,'3900000000352');
INSERT INTO products VALUES(37,7,'Gota Letre Per Kafe 2.5oz','gota-leter-per-kafe-2-5oz',replace(replace('Gota letre profesionale 2.5oz për kafe dhe pije të ngrohta. Materiali me cilësi të lartë mban temperaturën dhe siguron përdorim të sigurt në kafene, restorante dhe evente. Ideal për përdorim profesional dhe shtëpiak. Të sigurta për kontakt me ushqim dhe rezistente ndaj rrjedhjeve.\r\n\r\n**Paketimi:** Shitet vetëm në komplete. 1 kompleti = 40 copa.','\r',char(13)),'\n',char(10)),NULL,'/images/IMG_6821.jpeg',1,'2025-11-26 08:23:41','2026-03-02 12:02:19',0,1,40,NULL,80,0.2700000000000000177,0,NULL,'2.5oz',NULL,'3900000000376');
INSERT INTO products VALUES(38,7,'Gota Letre Per Kafe 3oz','gota-leter-per-kafe-3oz',replace(replace('Gota letre profesionale 3oz për kafe dhe pije të ngrohta. Materiali me cilësi të lartë mban temperaturën dhe siguron përdorim të sigurt në kafene, restorante dhe evente. Ideal për përdorim profesional dhe shtëpiak. Të sigurta për kontakt me ushqim dhe rezistente ndaj rrjedhjeve.\r\n\r\n**Paketimi:** Shitet vetëm në komplete. 1 kompleti = 20 copa.','\r',char(13)),'\n',char(10)),NULL,'/images/IMG_6821.jpeg',1,'2025-11-26 08:23:41','2026-02-21 03:56:07',0,1,20,NULL,0,0.2999999999999999889,0,NULL,'3oz',NULL,'3900000000383');
INSERT INTO products VALUES(39,7,'Gota Letre Per Kafe 4oz','gota-leter-per-kafe-4oz',replace(replace('Gota letre profesionale 4oz për kafe dhe pije të ngrohta. Materiali me cilësi të lartë mban temperaturën dhe siguron përdorim të sigurt në kafene, restorante dhe evente. Ideal për përdorim profesional dhe shtëpiak. Të sigurta për kontakt me ushqim dhe rezistente ndaj rrjedhjeve.\r\n\r\n**Paketimi:** Shitet vetëm në komplete. 1 kompleti = 40 copa.','\r',char(13)),'\n',char(10)),NULL,'/images/IMG_6821.jpeg',1,'2025-11-26 08:23:41','2026-03-02 12:02:19',0,1,20,NULL,20,0.3499999999999999778,0,NULL,'4oz',NULL,'3900000000390');
INSERT INTO products VALUES(40,7,'Gota Letre Per Kafe 7oz','gota-leter-per-kafe-7oz',replace(replace('Gota letre profesionale 7oz për kafe dhe pije të ngrohta. Materiali me cilësi të lartë mban temperaturën dhe siguron përdorim të sigurt në kafene, restorante dhe evente. Ideal për përdorim profesional dhe shtëpiak. Të sigurta për kontakt me ushqim dhe rezistente ndaj rrjedhjeve.\r\n\r\n**Paketimi:** Shitet vetëm në komplete. 1 kompleti = 20 copa.','\r',char(13)),'\n',char(10)),NULL,'/images/IMG_6821.jpeg',1,'2025-11-26 08:23:41','2026-03-01 18:40:03',0,1,20,NULL,520,0.4299999999999999934,0,NULL,'7oz',NULL,'3900000000406');
INSERT INTO products VALUES(41,7,'Foli Najlloni','foli-najlloni','Foli Najlloni Mbeshtjellse per produkte ushqimore e te tjera..',NULL,'/images/IMG_6814.jpeg',1,'2025-11-28 06:04:08','2026-03-02 03:58:05',0,1,12,NULL,0,3.200000000000000177,0,NULL,NULL,NULL,'390123456789');
INSERT INTO products VALUES(43,4,'Letër Salvete','leter-salvete','Palloma për Kuzhina 20x20.',NULL,'/images/Pallomat/Salvete/foto1.jpg',1,'2026-02-17 13:15:48','2026-03-01 22:02:54',20,1,8,NULL,0,NULL,0,NULL,NULL,NULL,'3909003232');
INSERT INTO products VALUES(44,7,'Gota Plastike','gota-plastike','Gota Plastike',NULL,'/images/Gota Plastike/foto1.jpg',1,'2026-03-01 21:28:52','2026-03-02 03:59:04',1,1,30,NULL,0,NULL,0,NULL,NULL,NULL,'3909732810843');
INSERT INTO products VALUES(45,4,'Palloma Toilet','palloma-toilet','Palloma Toilet',NULL,'/images/Pallomat/Toilet/foto1.jpg',1,'2026-03-02 03:56:30','2026-03-02 03:56:30',10,1,10,NULL,0,NULL,0,NULL,NULL,NULL,'3900009000');
CREATE TABLE IF NOT EXISTS "stock_receipts" ("id" integer primary key autoincrement not null, "receipt_number" varchar not null, "supplier_id" integer not null, "receipt_date" date not null, "notes" text, "total_amount" numeric not null default '0', "total_items" integer not null default '0', "status" varchar not null default 'pending', "created_at" datetime, "updated_at" datetime, "deleted_at" datetime, foreign key("supplier_id") references "suppliers"("id") on delete restrict);
INSERT INTO stock_receipts VALUES(1,'SR-20251128-0001961F',1,'2025-11-28 00:00:00',NULL,594,1800,'completed','2025-11-28 09:15:09','2025-11-28 09:15:09',NULL);
INSERT INTO stock_receipts VALUES(2,'SR-20251128-000280FC',2,'2025-11-28 00:00:00',NULL,2480,9000,'completed','2025-11-28 09:22:53','2025-11-28 09:22:53',NULL);
INSERT INTO stock_receipts VALUES(3,'SR-20251128-0003DBEC',2,'2025-11-28 00:00:00','Faktura per prodhuesin LDPE PLAST',40,100,'completed','2025-11-28 11:46:50','2025-11-28 11:46:50',NULL);
INSERT INTO stock_receipts VALUES(4,'SR-20251129-0001FB38',1,'2025-11-29 00:00:00',NULL,141.5999999999999944,420,'completed','2025-11-29 05:05:09','2025-11-29 05:05:09',NULL);
INSERT INTO stock_receipts VALUES(5,'SR-20251129-0002E9BC',3,'2025-11-29 00:00:00',NULL,129.5999999999999944,36,'completed','2025-11-29 05:09:02','2025-11-29 05:09:02',NULL);
INSERT INTO stock_receipts VALUES(6,'SR-20251129-00039166',1,'2025-11-08 00:00:00',NULL,466,1300,'completed','2025-11-29 14:06:52','2025-11-29 14:06:52',NULL);
INSERT INTO stock_receipts VALUES(7,'SR-20251129-0004B2EE',1,'2025-11-29 00:00:00',NULL,536,1500,'completed','2025-11-29 14:10:54','2025-11-29 14:10:54',NULL);
INSERT INTO stock_receipts VALUES(8,'SR-20251129-00050D2F',1,'2025-11-29 00:00:00',NULL,10.80000000000000072,40,'completed','2025-11-29 22:56:35','2025-11-29 22:56:35',NULL);
INSERT INTO stock_receipts VALUES(9,'SR-20251129-000698AD',1,'2025-11-29 00:00:00',NULL,652,1800,'completed','2025-11-29 22:58:45','2025-11-29 22:58:45',NULL);
INSERT INTO stock_receipts VALUES(10,'SR-20251130-00012538',2,'2025-11-30 00:00:00',NULL,1192,3800,'completed','2025-11-30 00:08:20','2025-11-30 00:08:20',NULL);
INSERT INTO stock_receipts VALUES(11,'SR-20251130-00029F7E',2,'2025-11-30 00:00:00',NULL,1078,2950,'completed','2025-11-30 15:02:06','2025-11-30 15:02:06',NULL);
INSERT INTO stock_receipts VALUES(12,'SR-20251130-0003A51D',2,'2025-12-01 00:00:00',NULL,30,200,'completed','2025-11-30 15:15:03','2025-11-30 15:15:03',NULL);
INSERT INTO stock_receipts VALUES(13,'SR-20251130-0004F7A6',2,'2025-11-30 00:00:00',NULL,200,500,'completed','2025-11-30 15:46:10','2025-11-30 15:46:10',NULL);
INSERT INTO stock_receipts VALUES(14,'SR-20251201-0001806B',2,'2025-12-01 00:00:00',NULL,877,2600,'completed','2025-12-01 04:31:42','2025-12-01 04:31:42',NULL);
INSERT INTO stock_receipts VALUES(15,'SR-20251202-0001D8D9',1,'2025-11-29 00:00:00',NULL,652,1800,'completed','2025-12-02 08:41:42','2025-12-02 08:41:42',NULL);
INSERT INTO stock_receipts VALUES(16,'SR-20251203-00012552',1,'2025-12-03 00:00:00',NULL,344,800,'completed','2025-12-03 21:38:49','2025-12-03 21:38:49',NULL);
INSERT INTO stock_receipts VALUES(17,'SR-20251203-0002F248',1,'2025-11-29 00:00:00',NULL,652,1800,'completed','2025-12-03 22:28:58','2025-12-03 22:28:58',NULL);
INSERT INTO stock_receipts VALUES(18,'SR-20251203-0003B07B',2,'2025-12-03 00:00:00',NULL,480,800,'completed','2025-12-03 22:39:44','2025-12-03 22:39:44',NULL);
INSERT INTO stock_receipts VALUES(19,'SR-20251203-0004CF9B',2,'2025-11-29 00:00:00',NULL,120,200,'completed','2025-12-03 23:14:15','2025-12-03 23:14:15',NULL);
INSERT INTO stock_receipts VALUES(20,'SR-20251204-0001660F',2,'2025-12-04 00:00:00',NULL,60,200,'completed','2025-12-04 04:19:53','2025-12-04 04:19:53',NULL);
INSERT INTO stock_receipts VALUES(21,'SR-20251204-000266CA',2,'2025-12-04 00:00:00',NULL,200,400,'completed','2025-12-04 04:36:38','2025-12-04 04:36:38',NULL);
INSERT INTO stock_receipts VALUES(22,'SR-20251204-00035BA0',2,'2025-12-04 00:00:00',NULL,145,100,'completed','2025-12-04 04:44:15','2025-12-04 04:44:15',NULL);
INSERT INTO stock_receipts VALUES(23,'SR-20251204-0004D1A2',2,'2025-12-04 00:00:00',NULL,360,600,'completed','2025-12-04 04:45:18','2025-12-04 04:45:18',NULL);
INSERT INTO stock_receipts VALUES(24,'SR-20251206-00013F5C',2,'2025-12-06 00:00:00',NULL,2212,5400,'completed','2025-12-06 08:52:25','2025-12-06 08:52:25',NULL);
CREATE TABLE IF NOT EXISTS "stock_movements" ("id" integer primary key autoincrement not null, "product_id" integer not null, "movement_type" varchar not null, "stock_receipt_id" integer, "order_id" integer, "quantity" integer not null, "unit_cost" numeric, "total_cost" numeric, "stock_before" integer not null, "stock_after" integer not null, "notes" text, "created_at" datetime, "updated_at" datetime, foreign key("product_id") references "products"("id") on delete cascade, foreign key("stock_receipt_id") references "stock_receipts"("id") on delete set null, foreign key("order_id") references "orders"("id") on delete set null);
INSERT INTO stock_movements VALUES(1,37,'receipt',1,NULL,400,0.2099999999999999923,84,0,400,'Pranim malli - SR-20251128-0001961F','2025-11-28 09:15:09','2025-11-28 09:15:09');
INSERT INTO stock_movements VALUES(2,38,'receipt',1,NULL,400,0.2800000000000000267,112,0,400,'Pranim malli - SR-20251128-0001961F','2025-11-28 09:15:09','2025-11-28 09:15:09');
INSERT INTO stock_movements VALUES(3,39,'receipt',1,NULL,400,0.3499999999999999778,140,0,400,'Pranim malli - SR-20251128-0001961F','2025-11-28 09:15:09','2025-11-28 09:15:09');
INSERT INTO stock_movements VALUES(4,40,'receipt',1,NULL,600,0.4299999999999999934,258,0,600,'Pranim malli - SR-20251128-0001961F','2025-11-28 09:15:09','2025-11-28 09:15:09');
INSERT INTO stock_movements VALUES(5,8,'receipt',2,NULL,1000,0.1499999999999999945,150,0,1000,'Pranim malli - SR-20251128-000280FC','2025-11-28 09:22:53','2025-11-28 09:22:53');
INSERT INTO stock_movements VALUES(6,9,'receipt',2,NULL,1000,0.1700000000000000122,170,0,1000,'Pranim malli - SR-20251128-000280FC','2025-11-28 09:22:53','2025-11-28 09:22:53');
INSERT INTO stock_movements VALUES(7,10,'receipt',2,NULL,1000,0.2000000000000000111,200,0,1000,'Pranim malli - SR-20251128-000280FC','2025-11-28 09:22:53','2025-11-28 09:22:53');
INSERT INTO stock_movements VALUES(8,11,'receipt',2,NULL,1000,0.2200000000000000011,220,0,1000,'Pranim malli - SR-20251128-000280FC','2025-11-28 09:22:53','2025-11-28 09:22:53');
INSERT INTO stock_movements VALUES(9,12,'receipt',2,NULL,1000,0.2399999999999999912,240,0,1000,'Pranim malli - SR-20251128-000280FC','2025-11-28 09:22:53','2025-11-28 09:22:53');
INSERT INTO stock_movements VALUES(10,13,'receipt',2,NULL,1000,0.2999999999999999889,300,0,1000,'Pranim malli - SR-20251128-000280FC','2025-11-28 09:22:53','2025-11-28 09:22:53');
INSERT INTO stock_movements VALUES(11,14,'receipt',2,NULL,1000,0.4000000000000000222,400,0,1000,'Pranim malli - SR-20251128-000280FC','2025-11-28 09:22:53','2025-11-28 09:22:53');
INSERT INTO stock_movements VALUES(12,15,'receipt',2,NULL,1000,0.4000000000000000222,400,0,1000,'Pranim malli - SR-20251128-000280FC','2025-11-28 09:22:53','2025-11-28 09:22:53');
INSERT INTO stock_movements VALUES(13,16,'receipt',2,NULL,1000,0.4000000000000000222,400,0,1000,'Pranim malli - SR-20251128-000280FC','2025-11-28 09:22:53','2025-11-28 09:22:53');
INSERT INTO stock_movements VALUES(14,16,'receipt',3,NULL,100,0.4000000000000000222,40,1000,1100,'Pranim malli - SR-20251128-0003DBEC','2025-11-28 11:46:50','2025-11-28 11:46:50');
INSERT INTO stock_movements VALUES(15,40,'adjustment',NULL,NULL,0,NULL,NULL,600,600,'Rregullim manual i stokut','2025-11-28 12:00:01','2025-11-28 12:00:01');
INSERT INTO stock_movements VALUES(16,10,'adjustment',NULL,NULL,100,NULL,NULL,1000,1100,'Rregullim manual i stokut','2025-11-28 12:05:20','2025-11-28 12:05:20');
INSERT INTO stock_movements VALUES(17,10,'adjustment',NULL,NULL,-400,NULL,NULL,1100,700,'Rregullim manual i stokut','2025-11-28 12:05:33','2025-11-28 12:05:33');
INSERT INTO stock_movements VALUES(18,37,'adjustment',NULL,NULL,-400,NULL,NULL,400,0,'Rregullim manual i stokut','2025-11-28 12:10:39','2025-11-28 12:10:39');
INSERT INTO stock_movements VALUES(19,16,'sale',NULL,NULL,-1000,0.4000000000000000222,400,1100,100,'Shitje - Porosia #GT-20251128-006DJTW','2025-11-28 12:13:28','2025-11-28 12:13:28');
INSERT INTO stock_movements VALUES(20,38,'adjustment',NULL,NULL,-400,NULL,NULL,400,0,'Rregullim manual i stokut','2025-11-28 12:14:14','2025-11-28 12:14:14');
INSERT INTO stock_movements VALUES(21,39,'adjustment',NULL,NULL,-400,NULL,NULL,400,0,'Rregullim manual i stokut','2025-11-28 12:14:26','2025-11-28 12:14:26');
INSERT INTO stock_movements VALUES(22,40,'adjustment',NULL,NULL,-600,NULL,NULL,600,0,'Rregullim manual i stokut','2025-11-28 12:14:37','2025-11-28 12:14:37');
INSERT INTO stock_movements VALUES(23,10,'adjustment',NULL,NULL,-700,NULL,NULL,700,0,'Rregullim manual i stokut','2025-11-28 12:14:47','2025-11-28 12:14:47');
INSERT INTO stock_movements VALUES(24,11,'adjustment',NULL,NULL,-1000,NULL,NULL,1000,0,'Rregullim manual i stokut','2025-11-28 12:14:56','2025-11-28 12:14:56');
INSERT INTO stock_movements VALUES(25,12,'adjustment',NULL,NULL,-1000,NULL,NULL,1000,0,'Rregullim manual i stokut','2025-11-28 12:15:03','2025-11-28 12:15:03');
INSERT INTO stock_movements VALUES(26,13,'adjustment',NULL,NULL,-1000,NULL,NULL,1000,0,'Rregullim manual i stokut','2025-11-28 12:15:11','2025-11-28 12:15:11');
INSERT INTO stock_movements VALUES(27,14,'adjustment',NULL,NULL,-1000,NULL,NULL,1000,0,'Rregullim manual i stokut','2025-11-28 12:15:19','2025-11-28 12:15:19');
INSERT INTO stock_movements VALUES(28,15,'adjustment',NULL,NULL,-1000,NULL,NULL,1000,0,'Rregullim manual i stokut','2025-11-28 12:15:28','2025-11-28 12:15:28');
INSERT INTO stock_movements VALUES(29,16,'adjustment',NULL,NULL,-100,NULL,NULL,100,0,'Rregullim manual i stokut','2025-11-28 12:15:36','2025-11-28 12:15:36');
INSERT INTO stock_movements VALUES(30,8,'adjustment',NULL,NULL,-1000,NULL,NULL,1000,0,'Rregullim manual i stokut','2025-11-28 12:15:43','2025-11-28 12:15:43');
INSERT INTO stock_movements VALUES(31,9,'adjustment',NULL,NULL,-1000,NULL,NULL,1000,0,'Rregullim manual i stokut','2025-11-28 12:15:52','2025-11-28 12:15:52');
INSERT INTO stock_movements VALUES(32,37,'sale',NULL,NULL,-80,0.2099999999999999923,16.80000000000000071,0,0,'Shitje - Porosia #GT-20251128-002K1PP','2025-11-28 16:52:30','2025-11-28 16:52:30');
INSERT INTO stock_movements VALUES(33,38,'sale',NULL,NULL,-80,0.2800000000000000267,22.39999999999999857,0,0,'Shitje - Porosia #GT-20251128-002K1PP','2025-11-28 16:52:30','2025-11-28 16:52:30');
INSERT INTO stock_movements VALUES(34,39,'sale',NULL,NULL,-80,0.3499999999999999778,28,0,0,'Shitje - Porosia #GT-20251128-002K1PP','2025-11-28 16:52:30','2025-11-28 16:52:30');
INSERT INTO stock_movements VALUES(35,40,'sale',NULL,NULL,-40,0.4299999999999999934,17.19999999999999929,0,0,'Shitje - Porosia #GT-20251128-002K1PP','2025-11-28 16:52:30','2025-11-28 16:52:30');
INSERT INTO stock_movements VALUES(36,35,'sale',NULL,NULL,-50,NULL,NULL,0,0,'Shitje - Porosia #GT-20251128-002K1PP','2025-11-28 16:52:30','2025-11-28 16:52:30');
INSERT INTO stock_movements VALUES(37,4,'sale',NULL,NULL,-60,NULL,NULL,0,0,'Shitje - Porosia #GT-20251128-002K1PP','2025-11-28 16:52:30','2025-11-28 16:52:30');
INSERT INTO stock_movements VALUES(38,3,'sale',NULL,NULL,-60,NULL,NULL,0,0,'Shitje - Porosia #GT-20251128-002K1PP','2025-11-28 16:52:30','2025-11-28 16:52:30');
INSERT INTO stock_movements VALUES(39,8,'sale',NULL,NULL,-100,0.1499999999999999945,15,0,0,'Shitje - Porosia #GT-20251128-002K1PP','2025-11-28 16:52:30','2025-11-28 16:52:30');
INSERT INTO stock_movements VALUES(40,9,'sale',NULL,NULL,-100,0.1700000000000000122,17,0,0,'Shitje - Porosia #GT-20251128-002K1PP','2025-11-28 16:52:30','2025-11-28 16:52:30');
INSERT INTO stock_movements VALUES(41,10,'sale',NULL,NULL,-100,0.2000000000000000111,20,0,0,'Shitje - Porosia #GT-20251128-002K1PP','2025-11-28 16:52:30','2025-11-28 16:52:30');
INSERT INTO stock_movements VALUES(42,11,'sale',NULL,NULL,-100,0.2200000000000000011,22,0,0,'Shitje - Porosia #GT-20251128-002K1PP','2025-11-28 16:52:30','2025-11-28 16:52:30');
INSERT INTO stock_movements VALUES(43,12,'sale',NULL,NULL,-100,0.2399999999999999912,24,0,0,'Shitje - Porosia #GT-20251128-002K1PP','2025-11-28 16:52:30','2025-11-28 16:52:30');
INSERT INTO stock_movements VALUES(44,13,'sale',NULL,NULL,-100,0.2999999999999999889,30,0,0,'Shitje - Porosia #GT-20251128-002K1PP','2025-11-28 16:52:30','2025-11-28 16:52:30');
INSERT INTO stock_movements VALUES(45,14,'sale',NULL,NULL,-20,0.4000000000000000222,8,0,0,'Shitje - Porosia #GT-20251128-002K1PP','2025-11-28 16:52:30','2025-11-28 16:52:30');
INSERT INTO stock_movements VALUES(46,15,'sale',NULL,NULL,-20,0.4000000000000000222,8,0,0,'Shitje - Porosia #GT-20251128-002K1PP','2025-11-28 16:52:30','2025-11-28 16:52:30');
INSERT INTO stock_movements VALUES(47,16,'sale',NULL,NULL,-60,0.4000000000000000222,24,0,0,'Shitje - Porosia #GT-20251128-002K1PP','2025-11-28 16:52:30','2025-11-28 16:52:30');
INSERT INTO stock_movements VALUES(48,17,'sale',NULL,NULL,-20,NULL,NULL,0,0,'Shitje - Porosia #GT-20251128-002K1PP','2025-11-28 16:52:30','2025-11-28 16:52:30');
INSERT INTO stock_movements VALUES(49,37,'sale',NULL,NULL,-40,0.2099999999999999923,8.400000000000000355,0,0,'Shitje - Porosia #GT-20251129-001UZNC','2025-11-29 04:59:52','2025-11-29 04:59:52');
INSERT INTO stock_movements VALUES(50,41,'sale',NULL,NULL,-12,NULL,NULL,0,0,'Shitje - Porosia #GT-20251129-001UZNC','2025-11-29 04:59:52','2025-11-29 04:59:52');
INSERT INTO stock_movements VALUES(51,38,'sale',NULL,NULL,-20,0.2800000000000000267,5.599999999999999645,0,0,'Shitje - Porosia #GT-20251129-001UZNC','2025-11-29 04:59:52','2025-11-29 04:59:52');
INSERT INTO stock_movements VALUES(52,39,'sale',NULL,NULL,-40,0.3499999999999999778,14,0,0,'Shitje - Porosia #GT-20251129-001UZNC','2025-11-29 04:59:52','2025-11-29 04:59:52');
INSERT INTO stock_movements VALUES(53,40,'sale',NULL,NULL,-20,0.4299999999999999934,8.599999999999999645,0,0,'Shitje - Porosia #GT-20251129-001UZNC','2025-11-29 04:59:52','2025-11-29 04:59:52');
INSERT INTO stock_movements VALUES(54,35,'sale',NULL,NULL,-10,NULL,NULL,0,0,'Shitje - Porosia #GT-20251129-001UZNC','2025-11-29 04:59:52','2025-11-29 04:59:52');
INSERT INTO stock_movements VALUES(55,3,'sale',NULL,NULL,-12,NULL,NULL,0,0,'Shitje - Porosia #GT-20251129-001UZNC','2025-11-29 04:59:52','2025-11-29 04:59:52');
INSERT INTO stock_movements VALUES(56,37,'receipt',4,NULL,80,0.2099999999999999923,16.80000000000000071,0,80,'Pranim malli - SR-20251129-0001FB38','2025-11-29 05:05:09','2025-11-29 05:05:09');
INSERT INTO stock_movements VALUES(57,38,'receipt',4,NULL,100,0.2800000000000000267,28,0,100,'Pranim malli - SR-20251129-0001FB38','2025-11-29 05:05:09','2025-11-29 05:05:09');
INSERT INTO stock_movements VALUES(58,39,'receipt',4,NULL,80,0.3499999999999999778,28,0,80,'Pranim malli - SR-20251129-0001FB38','2025-11-29 05:05:09','2025-11-29 05:05:09');
INSERT INTO stock_movements VALUES(59,40,'receipt',4,NULL,160,0.4299999999999999934,68.79999999999999716,0,160,'Pranim malli - SR-20251129-0001FB38','2025-11-29 05:05:09','2025-11-29 05:05:09');
INSERT INTO stock_movements VALUES(60,41,'receipt',5,NULL,12,3.200000000000000177,38.39999999999999858,0,12,'Pranim malli - SR-20251129-0002E9BC','2025-11-29 05:09:02','2025-11-29 05:09:02');
INSERT INTO stock_movements VALUES(61,3,'receipt',5,NULL,24,3.799999999999999823,91.20000000000000284,0,24,'Pranim malli - SR-20251129-0002E9BC','2025-11-29 05:09:02','2025-11-29 05:09:02');
INSERT INTO stock_movements VALUES(62,37,'receipt',6,NULL,400,0.2700000000000000177,108,80,480,'Pranim malli - SR-20251129-00039166','2025-11-29 14:06:52','2025-11-29 14:06:52');
INSERT INTO stock_movements VALUES(63,38,'receipt',6,NULL,100,0.2999999999999999889,30,100,200,'Pranim malli - SR-20251129-00039166','2025-11-29 14:06:52','2025-11-29 14:06:52');
INSERT INTO stock_movements VALUES(64,39,'receipt',6,NULL,200,0.3499999999999999778,70,80,280,'Pranim malli - SR-20251129-00039166','2025-11-29 14:06:52','2025-11-29 14:06:52');
INSERT INTO stock_movements VALUES(65,40,'receipt',6,NULL,600,0.4299999999999999934,258,160,760,'Pranim malli - SR-20251129-00039166','2025-11-29 14:06:52','2025-11-29 14:06:52');
INSERT INTO stock_movements VALUES(66,37,'receipt',7,NULL,400,0.2700000000000000177,108,480,880,'Pranim malli - SR-20251129-0004B2EE','2025-11-29 14:10:54','2025-11-29 14:10:54');
INSERT INTO stock_movements VALUES(67,38,'receipt',7,NULL,100,0.2999999999999999889,30,200,300,'Pranim malli - SR-20251129-0004B2EE','2025-11-29 14:10:54','2025-11-29 14:10:54');
INSERT INTO stock_movements VALUES(68,39,'receipt',7,NULL,400,0.3499999999999999778,140,280,680,'Pranim malli - SR-20251129-0004B2EE','2025-11-29 14:10:54','2025-11-29 14:10:54');
INSERT INTO stock_movements VALUES(69,40,'receipt',7,NULL,600,0.4299999999999999934,258,760,1360,'Pranim malli - SR-20251129-0004B2EE','2025-11-29 14:10:54','2025-11-29 14:10:54');
INSERT INTO stock_movements VALUES(70,40,'adjustment',NULL,NULL,200,NULL,NULL,1360,1560,'Rregullim manual i stokut','2025-11-29 22:33:06','2025-11-29 22:33:06');
INSERT INTO stock_movements VALUES(71,37,'receipt',8,NULL,40,0.2700000000000000177,10.80000000000000072,880,920,'Pranim malli - SR-20251129-00050D2F','2025-11-29 22:56:35','2025-11-29 22:56:35');
INSERT INTO stock_movements VALUES(72,37,'receipt',9,NULL,400,0.2700000000000000177,108,920,1320,'Pranim malli - SR-20251129-000698AD','2025-11-29 22:58:45','2025-11-29 22:58:45');
INSERT INTO stock_movements VALUES(73,38,'receipt',9,NULL,200,0.2999999999999999889,60,300,500,'Pranim malli - SR-20251129-000698AD','2025-11-29 22:58:45','2025-11-29 22:58:45');
INSERT INTO stock_movements VALUES(74,39,'receipt',9,NULL,400,0.3499999999999999778,140,680,1080,'Pranim malli - SR-20251129-000698AD','2025-11-29 22:58:45','2025-11-29 22:58:45');
INSERT INTO stock_movements VALUES(75,40,'receipt',9,NULL,800,0.4299999999999999934,344,1560,2360,'Pranim malli - SR-20251129-000698AD','2025-11-29 22:58:45','2025-11-29 22:58:45');
INSERT INTO stock_movements VALUES(76,41,'sale',NULL,NULL,-300,3.200000000000000177,960,12,0,'Shitje - Porosia #GT-20251129-002BU4M','2025-11-29 23:15:23','2025-11-29 23:15:23');
INSERT INTO stock_movements VALUES(77,37,'sale',NULL,NULL,-1000,0.2700000000000000177,270,1320,320,'Shitje - Porosia #GT-20251129-002BU4M','2025-11-29 23:15:23','2025-11-29 23:15:23');
INSERT INTO stock_movements VALUES(78,38,'sale',NULL,NULL,-1000,0.2999999999999999889,300,500,0,'Shitje - Porosia #GT-20251129-002BU4M','2025-11-29 23:15:23','2025-11-29 23:15:23');
INSERT INTO stock_movements VALUES(79,39,'sale',NULL,NULL,-1000,0.3499999999999999778,350,1080,80,'Shitje - Porosia #GT-20251129-002BU4M','2025-11-29 23:15:23','2025-11-29 23:15:23');
INSERT INTO stock_movements VALUES(80,40,'sale',NULL,NULL,-1000,0.4299999999999999934,430,2360,1360,'Shitje - Porosia #GT-20251129-002BU4M','2025-11-29 23:15:23','2025-11-29 23:15:23');
INSERT INTO stock_movements VALUES(81,35,'sale',NULL,NULL,-1000,NULL,NULL,0,0,'Shitje - Porosia #GT-20251129-002BU4M','2025-11-29 23:15:23','2025-11-29 23:15:23');
INSERT INTO stock_movements VALUES(82,3,'sale',NULL,NULL,-300,3.799999999999999823,1140,24,0,'Shitje - Porosia #GT-20251129-002BU4M','2025-11-29 23:15:23','2025-11-29 23:15:23');
INSERT INTO stock_movements VALUES(83,4,'sale',NULL,NULL,-1500,NULL,NULL,0,0,'Shitje - Porosia #GT-20251129-002BU4M','2025-11-29 23:15:23','2025-11-29 23:15:23');
INSERT INTO stock_movements VALUES(84,5,'sale',NULL,NULL,-100,NULL,NULL,0,0,'Shitje - Porosia #GT-20251129-002BU4M','2025-11-29 23:15:23','2025-11-29 23:15:23');
INSERT INTO stock_movements VALUES(85,22,'sale',NULL,NULL,-1000,NULL,NULL,0,0,'Shitje - Porosia #GT-20251129-002BU4M','2025-11-29 23:15:23','2025-11-29 23:15:23');
INSERT INTO stock_movements VALUES(86,8,'sale',NULL,NULL,-1000,0.1499999999999999945,150,0,0,'Shitje - Porosia #GT-20251129-002BU4M','2025-11-29 23:15:23','2025-11-29 23:15:23');
INSERT INTO stock_movements VALUES(87,9,'sale',NULL,NULL,-1000,0.1700000000000000122,170,0,0,'Shitje - Porosia #GT-20251129-002BU4M','2025-11-29 23:15:23','2025-11-29 23:15:23');
INSERT INTO stock_movements VALUES(88,10,'sale',NULL,NULL,-1000,0.2000000000000000111,200,0,0,'Shitje - Porosia #GT-20251129-002BU4M','2025-11-29 23:15:23','2025-11-29 23:15:23');
INSERT INTO stock_movements VALUES(89,11,'sale',NULL,NULL,-1000,0.2200000000000000011,220,0,0,'Shitje - Porosia #GT-20251129-002BU4M','2025-11-29 23:15:23','2025-11-29 23:15:23');
INSERT INTO stock_movements VALUES(90,12,'sale',NULL,NULL,-1000,0.2399999999999999912,240,0,0,'Shitje - Porosia #GT-20251129-002BU4M','2025-11-29 23:15:23','2025-11-29 23:15:23');
INSERT INTO stock_movements VALUES(91,13,'sale',NULL,NULL,-1000,0.2999999999999999889,300,0,0,'Shitje - Porosia #GT-20251129-002BU4M','2025-11-29 23:15:23','2025-11-29 23:15:23');
INSERT INTO stock_movements VALUES(92,14,'sale',NULL,NULL,-2000,0.4000000000000000222,800,0,0,'Shitje - Porosia #GT-20251129-002BU4M','2025-11-29 23:15:23','2025-11-29 23:15:23');
INSERT INTO stock_movements VALUES(93,15,'sale',NULL,NULL,-2000,0.4000000000000000222,800,0,0,'Shitje - Porosia #GT-20251129-002BU4M','2025-11-29 23:15:23','2025-11-29 23:15:23');
INSERT INTO stock_movements VALUES(94,16,'sale',NULL,NULL,-2000,0.4000000000000000222,800,0,0,'Shitje - Porosia #GT-20251129-002BU4M','2025-11-29 23:15:23','2025-11-29 23:15:23');
INSERT INTO stock_movements VALUES(95,17,'sale',NULL,NULL,-500,NULL,NULL,0,0,'Shitje - Porosia #GT-20251129-002BU4M','2025-11-29 23:15:23','2025-11-29 23:15:23');
INSERT INTO stock_movements VALUES(96,18,'sale',NULL,NULL,-500,NULL,NULL,0,0,'Shitje - Porosia #GT-20251129-002BU4M','2025-11-29 23:15:23','2025-11-29 23:15:23');
INSERT INTO stock_movements VALUES(97,19,'sale',NULL,NULL,-500,NULL,NULL,0,0,'Shitje - Porosia #GT-20251129-002BU4M','2025-11-29 23:15:23','2025-11-29 23:15:23');
INSERT INTO stock_movements VALUES(98,20,'sale',NULL,NULL,-500,NULL,NULL,0,0,'Shitje - Porosia #GT-20251129-002BU4M','2025-11-29 23:15:23','2025-11-29 23:15:23');
INSERT INTO stock_movements VALUES(99,27,'sale',NULL,NULL,-1000,NULL,NULL,0,0,'Shitje - Porosia #GT-20251129-002BU4M','2025-11-29 23:15:23','2025-11-29 23:15:23');
INSERT INTO stock_movements VALUES(100,28,'sale',NULL,NULL,-1000,NULL,NULL,0,0,'Shitje - Porosia #GT-20251129-002BU4M','2025-11-29 23:15:23','2025-11-29 23:15:23');
INSERT INTO stock_movements VALUES(101,29,'sale',NULL,NULL,-1000,NULL,NULL,0,0,'Shitje - Porosia #GT-20251129-002BU4M','2025-11-29 23:15:23','2025-11-29 23:15:23');
INSERT INTO stock_movements VALUES(102,33,'sale',NULL,NULL,-1000,NULL,NULL,0,0,'Shitje - Porosia #GT-20251129-002BU4M','2025-11-29 23:15:23','2025-11-29 23:15:23');
INSERT INTO stock_movements VALUES(103,34,'sale',NULL,NULL,-1000,NULL,NULL,0,0,'Shitje - Porosia #GT-20251129-002BU4M','2025-11-29 23:15:23','2025-11-29 23:15:23');
INSERT INTO stock_movements VALUES(104,8,'receipt',10,NULL,200,0.1499999999999999945,30,0,200,'Pranim malli - SR-20251130-00012538','2025-11-30 00:08:20','2025-11-30 00:08:20');
INSERT INTO stock_movements VALUES(105,9,'receipt',10,NULL,300,0.1700000000000000122,51,0,300,'Pranim malli - SR-20251130-00012538','2025-11-30 00:08:20','2025-11-30 00:08:20');
INSERT INTO stock_movements VALUES(106,10,'receipt',10,NULL,300,0.2000000000000000111,60,0,300,'Pranim malli - SR-20251130-00012538','2025-11-30 00:08:20','2025-11-30 00:08:20');
INSERT INTO stock_movements VALUES(107,11,'receipt',10,NULL,350,0.2200000000000000011,77,0,350,'Pranim malli - SR-20251130-00012538','2025-11-30 00:08:20','2025-11-30 00:08:20');
INSERT INTO stock_movements VALUES(108,12,'receipt',10,NULL,350,0.2399999999999999912,84,0,350,'Pranim malli - SR-20251130-00012538','2025-11-30 00:08:20','2025-11-30 00:08:20');
INSERT INTO stock_movements VALUES(109,13,'receipt',10,NULL,300,0.2999999999999999889,90,0,300,'Pranim malli - SR-20251130-00012538','2025-11-30 00:08:20','2025-11-30 00:08:20');
INSERT INTO stock_movements VALUES(110,14,'receipt',10,NULL,400,0.4000000000000000222,160,0,400,'Pranim malli - SR-20251130-00012538','2025-11-30 00:08:20','2025-11-30 00:08:20');
INSERT INTO stock_movements VALUES(111,15,'receipt',10,NULL,600,0.4000000000000000222,240,0,600,'Pranim malli - SR-20251130-00012538','2025-11-30 00:08:20','2025-11-30 00:08:20');
INSERT INTO stock_movements VALUES(112,16,'receipt',10,NULL,1000,0.4000000000000000222,400,0,1000,'Pranim malli - SR-20251130-00012538','2025-11-30 00:08:20','2025-11-30 00:08:20');
INSERT INTO stock_movements VALUES(113,8,'receipt',11,NULL,250,0.1499999999999999945,37.5,200,450,'Pranim malli - SR-20251130-00029F7E','2025-11-30 15:02:06','2025-11-30 15:02:06');
INSERT INTO stock_movements VALUES(114,9,'receipt',11,NULL,250,0.1700000000000000122,42.5,300,550,'Pranim malli - SR-20251130-00029F7E','2025-11-30 15:02:06','2025-11-30 15:02:06');
INSERT INTO stock_movements VALUES(115,10,'receipt',11,NULL,250,0.2000000000000000111,50,300,550,'Pranim malli - SR-20251130-00029F7E','2025-11-30 15:02:06','2025-11-30 15:02:06');
INSERT INTO stock_movements VALUES(116,14,'receipt',11,NULL,600,0.4000000000000000222,240,400,1000,'Pranim malli - SR-20251130-00029F7E','2025-11-30 15:02:06','2025-11-30 15:02:06');
INSERT INTO stock_movements VALUES(117,15,'receipt',11,NULL,600,0.4299999999999999934,258,600,1200,'Pranim malli - SR-20251130-00029F7E','2025-11-30 15:02:06','2025-11-30 15:02:06');
INSERT INTO stock_movements VALUES(118,16,'receipt',11,NULL,1000,0.4500000000000000111,450,1000,2000,'Pranim malli - SR-20251130-00029F7E','2025-11-30 15:02:06','2025-11-30 15:02:06');
INSERT INTO stock_movements VALUES(119,8,'receipt',12,NULL,200,0.1499999999999999945,30,450,650,'Pranim malli - SR-20251130-0003A51D','2025-11-30 15:15:03','2025-11-30 15:15:03');
INSERT INTO stock_movements VALUES(120,14,'receipt',13,NULL,500,0.4000000000000000222,200,1000,1500,'Pranim malli - SR-20251130-0004F7A6','2025-11-30 15:46:10','2025-11-30 15:46:10');
INSERT INTO stock_movements VALUES(121,8,'receipt',14,NULL,200,0.1499999999999999945,30,650,850,'Pranim malli - SR-20251201-0001806B','2025-12-01 04:31:42','2025-12-01 04:31:42');
INSERT INTO stock_movements VALUES(122,9,'receipt',14,NULL,200,0.1700000000000000122,34,550,750,'Pranim malli - SR-20251201-0001806B','2025-12-01 04:31:42','2025-12-01 04:31:42');
INSERT INTO stock_movements VALUES(123,10,'receipt',14,NULL,200,0.2000000000000000111,40,550,750,'Pranim malli - SR-20251201-0001806B','2025-12-01 04:31:42','2025-12-01 04:31:42');
INSERT INTO stock_movements VALUES(124,11,'receipt',14,NULL,200,0.2200000000000000011,44,350,550,'Pranim malli - SR-20251201-0001806B','2025-12-01 04:31:42','2025-12-01 04:31:42');
INSERT INTO stock_movements VALUES(125,12,'receipt',14,NULL,300,0.2399999999999999912,72,350,650,'Pranim malli - SR-20251201-0001806B','2025-12-01 04:31:42','2025-12-01 04:31:42');
INSERT INTO stock_movements VALUES(126,16,'receipt',14,NULL,300,0.4500000000000000111,135,2000,2300,'Pranim malli - SR-20251201-0001806B','2025-12-01 04:31:42','2025-12-01 04:31:42');
INSERT INTO stock_movements VALUES(127,14,'receipt',14,NULL,200,0.4000000000000000222,80,1500,1700,'Pranim malli - SR-20251201-0001806B','2025-12-01 04:31:42','2025-12-01 04:31:42');
INSERT INTO stock_movements VALUES(128,15,'receipt',14,NULL,400,0.4299999999999999934,172,1200,1600,'Pranim malli - SR-20251201-0001806B','2025-12-01 04:31:42','2025-12-01 04:31:42');
INSERT INTO stock_movements VALUES(129,16,'receipt',14,NULL,600,0.4500000000000000111,270,2300,2900,'Pranim malli - SR-20251201-0001806B','2025-12-01 04:31:42','2025-12-01 04:31:42');
INSERT INTO stock_movements VALUES(130,10,'sale',NULL,NULL,-740,0.2000000000000000111,148,750,10,'Shitje - Porosia #GT-20251201-0013HQ0','2025-12-01 09:16:41','2025-12-01 09:16:41');
INSERT INTO stock_movements VALUES(131,10,'sale',NULL,NULL,-740,0.2000000000000000111,148,10,0,'Shitje - Porosia #GT-20251201-0024OIS','2025-12-01 09:18:07','2025-12-01 09:18:07');
INSERT INTO stock_movements VALUES(132,41,'sale',NULL,NULL,-60,3.200000000000000177,192,0,0,'Shitje - Porosia #GT-20251201-0024OIS','2025-12-01 09:18:07','2025-12-01 09:18:07');
INSERT INTO stock_movements VALUES(133,10,'shortage',NULL,NULL,-760,0.2000000000000000111,152,0,0,'Mungesë stoku - Kese Mbeturinash 120L - Mbeturina -38 komplete -760cp','2025-12-01 09:23:41','2025-12-01 09:23:41');
INSERT INTO stock_movements VALUES(134,41,'shortage',NULL,NULL,-60,3.200000000000000177,192,0,0,'Mungesë stoku - Foli Najlloni - Të Tjera -5 komplete -60cp','2025-12-01 09:23:41','2025-12-01 09:23:41');
INSERT INTO stock_movements VALUES(135,41,'adjustment',NULL,NULL,-4,NULL,NULL,0,0,'Rregullim manual i stokut (Sasia origjinale: 4 Copa = 4 copa)','2025-12-01 16:47:40','2025-12-01 16:47:40');
INSERT INTO stock_movements VALUES(136,10,'shortage',NULL,NULL,-760,0.2000000000000000111,152,0,0,'Mungesë stoku - Kese Mbeturinash 120L - Mbeturina -38 komplete -760cp','2025-12-01 16:54:52','2025-12-01 16:54:52');
INSERT INTO stock_movements VALUES(137,41,'shortage',NULL,NULL,-96,3.200000000000000177,307.1999999999999887,0,0,'Mungesë stoku - Foli Najlloni - Të Tjera -8 komplete -96cp','2025-12-01 16:54:52','2025-12-01 16:54:52');
INSERT INTO stock_movements VALUES(138,3,'shortage',NULL,NULL,-60,3.799999999999999823,228,0,0,'Mungesë stoku - Folie Alumini 9 Micron - Alumin/Fletë -5 komplete -60cp','2025-12-02 04:54:46','2025-12-02 04:54:46');
INSERT INTO stock_movements VALUES(139,3,'shortage',NULL,NULL,-60,3.799999999999999823,228,0,0,'Mungesë stoku - Folie Alumini 9 Micron - Alumin/Fletë -5 komplete -60cp','2025-12-02 04:55:15','2025-12-02 04:55:15');
INSERT INTO stock_movements VALUES(140,3,'shortage',NULL,NULL,-60,3.799999999999999823,228,0,0,'Mungesë stoku - Folie Alumini 9 Micron - Alumin/Fletë -5 komplete -60cp','2025-12-02 04:55:20','2025-12-02 04:55:20');
INSERT INTO stock_movements VALUES(141,3,'shortage',NULL,NULL,-60,3.799999999999999823,228,0,0,'Mungesë stoku - Folie Alumini 9 Micron - Alumin/Fletë -5 komplete -60cp','2025-12-02 05:12:26','2025-12-02 05:12:26');
INSERT INTO stock_movements VALUES(142,3,'shortage',NULL,NULL,-60,3.799999999999999823,228,0,0,'Mungesë stoku - Folie Alumini 9 Micron - Alumin/Fletë -5 komplete -60cp','2025-12-02 05:26:38','2025-12-02 05:26:38');
INSERT INTO stock_movements VALUES(143,3,'shortage',NULL,NULL,-60,3.799999999999999823,228,0,0,'Mungesë stoku - Folie Alumini 9 Micron - Alumin/Fletë -5 komplete -60cp','2025-12-02 05:35:28','2025-12-02 05:35:28');
INSERT INTO stock_movements VALUES(144,41,'shortage',NULL,NULL,-36,3.200000000000000177,115.2000000000000028,0,0,'Mungesë stoku - Foli Najlloni - Të Tjera -3 komplete -36cp','2025-12-02 05:53:29','2025-12-02 05:53:29');
INSERT INTO stock_movements VALUES(145,37,'shortage',NULL,NULL,-600,0.2700000000000000177,162,0,0,'Mungesë stoku - Gota Letre Per Kafe 2.5oz - Të Tjera -15 komplete -600cp','2025-12-02 08:35:40','2025-12-02 08:35:40');
INSERT INTO stock_movements VALUES(146,38,'shortage',NULL,NULL,-500,0.2999999999999999889,150,0,0,'Mungesë stoku - Gota Letre Per Kafe 3oz - Të Tjera -25 komplete -500cp','2025-12-02 08:35:40','2025-12-02 08:35:40');
INSERT INTO stock_movements VALUES(147,39,'shortage',NULL,NULL,-500,0.3499999999999999778,175,0,0,'Mungesë stoku - Gota Letre Per Kafe 4oz - Të Tjera -25 komplete -500cp','2025-12-02 08:35:40','2025-12-02 08:35:40');
INSERT INTO stock_movements VALUES(148,40,'shortage',NULL,NULL,-500,0.4299999999999999934,215,0,0,'Mungesë stoku - Gota Letre Per Kafe 7oz - Të Tjera -25 komplete -500cp','2025-12-02 08:35:40','2025-12-02 08:35:40');
INSERT INTO stock_movements VALUES(149,35,'shortage',NULL,NULL,-500,NULL,NULL,0,0,'Mungesë stoku - Luga Kafe E Bardh 10cp Kompleti - Përzierës -50 komplete -500cp','2025-12-02 08:35:40','2025-12-02 08:35:40');
INSERT INTO stock_movements VALUES(150,4,'shortage',NULL,NULL,-600,NULL,NULL,0,0,'Mungesë stoku - Letër Kuzhine NUSH 2 Shtresa - Peceta/Letër -50 komplete -600cp','2025-12-02 08:35:40','2025-12-02 08:35:40');
INSERT INTO stock_movements VALUES(151,22,'shortage',NULL,NULL,-500,0.5999999999999999778,300,0,0,'Mungesë stoku - Mbulesë Tavoline LDP - Të Tjera -50 komplete -500cp','2025-12-02 08:35:40','2025-12-02 08:35:40');
INSERT INTO stock_movements VALUES(152,8,'shortage',NULL,NULL,-1000,0.1499999999999999945,150,0,0,'Mungesë stoku - Kese Mbeturinash 40L - Mbeturina -50 komplete -1000cp','2025-12-02 08:35:40','2025-12-02 08:35:40');
INSERT INTO stock_movements VALUES(153,9,'shortage',NULL,NULL,-1000,0.1700000000000000122,170,0,0,'Mungesë stoku - Kese Mbeturinash 70L - Mbeturina -50 komplete -1000cp','2025-12-02 08:35:40','2025-12-02 08:35:40');
INSERT INTO stock_movements VALUES(154,10,'shortage',NULL,NULL,-1000,0.2000000000000000111,200,0,0,'Mungesë stoku - Kese Mbeturinash 120L - Mbeturina -50 komplete -1000cp','2025-12-02 08:35:40','2025-12-02 08:35:40');
INSERT INTO stock_movements VALUES(155,11,'shortage',NULL,NULL,-1000,0.2200000000000000011,220,0,0,'Mungesë stoku - Kese Mbeturinash 150L - Mbeturina -50 komplete -1000cp','2025-12-02 08:35:40','2025-12-02 08:35:40');
INSERT INTO stock_movements VALUES(156,12,'shortage',NULL,NULL,-1000,0.2399999999999999912,240,0,0,'Mungesë stoku - Kese Mbeturinash 170L - Mbeturina -50 komplete -1000cp','2025-12-02 08:35:40','2025-12-02 08:35:40');
INSERT INTO stock_movements VALUES(157,13,'shortage',NULL,NULL,-1000,0.2999999999999999889,300,0,0,'Mungesë stoku - Kese Mbeturinash 200L - Mbeturina -50 komplete -1000cp','2025-12-02 08:35:40','2025-12-02 08:35:40');
INSERT INTO stock_movements VALUES(158,14,'shortage',NULL,NULL,-1000,0.5,500,0,0,'Mungesë stoku - Kese Mbeturinash 240L - Mbeturina -50 komplete -1000cp','2025-12-02 08:35:40','2025-12-02 08:35:40');
INSERT INTO stock_movements VALUES(159,15,'shortage',NULL,NULL,-1000,0.5500000000000000444,550,0,0,'Mungesë stoku - Kese Mbeturinash 270L - Mbeturina -50 komplete -1000cp','2025-12-02 08:35:40','2025-12-02 08:35:40');
INSERT INTO stock_movements VALUES(160,16,'shortage',NULL,NULL,-1000,0.5999999999999999778,600,0,0,'Mungesë stoku - Kese Mbeturinash 300L - Mbeturina -50 komplete -1000cp','2025-12-02 08:35:40','2025-12-02 08:35:40');
INSERT INTO stock_movements VALUES(161,27,'shortage',NULL,NULL,-500,NULL,NULL,0,0,'Mungesë stoku - Pipëza Transparente për Pije (100Cp - Kompleti 20Cp) - Pipëza -25 komplete -500cp','2025-12-02 08:35:40','2025-12-02 08:35:40');
INSERT INTO stock_movements VALUES(162,28,'shortage',NULL,NULL,-500,NULL,NULL,0,0,'Mungesë stoku - Pipëza Te Zi për Pije (100Cp - Kompleti 20Cp) - Pipëza -25 komplete -500cp','2025-12-02 08:35:40','2025-12-02 08:35:40');
INSERT INTO stock_movements VALUES(163,29,'shortage',NULL,NULL,-500,NULL,NULL,0,0,'Mungesë stoku - Pipëza Color për Pije (100Cp - Kompleti 20Cp) - Pipëza -25 komplete -500cp','2025-12-02 08:35:40','2025-12-02 08:35:40');
INSERT INTO stock_movements VALUES(164,37,'receipt',15,NULL,400,0.2700000000000000177,108,0,400,'Pranim malli - SR-20251202-0001D8D9 (Pranuar: 400 copa)','2025-12-02 08:41:42','2025-12-02 08:58:46');
INSERT INTO stock_movements VALUES(165,38,'receipt',15,NULL,200,0.2999999999999999889,60,0,200,'Pranim malli - SR-20251202-0001D8D9 (Pranuar: 200 copa)','2025-12-02 08:41:42','2025-12-02 08:58:46');
INSERT INTO stock_movements VALUES(166,39,'receipt',15,NULL,400,0.3499999999999999778,140,0,400,'Pranim malli - SR-20251202-0001D8D9 (Pranuar: 400 copa)','2025-12-02 08:41:42','2025-12-02 08:58:46');
INSERT INTO stock_movements VALUES(167,40,'receipt',15,NULL,800,0.4299999999999999934,344,0,800,'Pranim malli - SR-20251202-0001D8D9 (Pranuar: 800 copa)','2025-12-02 08:41:42','2025-12-02 08:58:46');
INSERT INTO stock_movements VALUES(168,37,'sale',NULL,NULL,-40,0.2700000000000000177,10.80000000000000072,600,560,'Shitje - Porosia #GT-20251203-001PU2N','2025-12-03 04:58:39','2025-12-03 04:58:39');
INSERT INTO stock_movements VALUES(169,40,'sale',NULL,NULL,-20,0.4299999999999999934,8.599999999999999645,2100,2080,'Shitje - Porosia #GT-20251203-001PU2N','2025-12-03 04:58:39','2025-12-03 04:58:39');
INSERT INTO stock_movements VALUES(170,12,'shortage',NULL,NULL,-20,0.2399999999999999912,4.799999999999999823,0,0,'Mungesë stoku - Kese Mbeturinash 170L - Mbeturina -1 komplete -20cp','2025-12-03 04:58:39','2025-12-03 04:58:39');
INSERT INTO stock_movements VALUES(171,33,'shortage',NULL,NULL,-10,NULL,NULL,0,0,'Mungesë stoku - Pipëza Te Zi për Pije (500Cp - Kompleti 10Cp) - Pipëza -1 komplete -10cp','2025-12-03 04:58:39','2025-12-03 04:58:39');
INSERT INTO stock_movements VALUES(172,35,'shortage',NULL,NULL,-10,NULL,NULL,0,0,'Mungesë stoku - Luga Kafe E Bardh 10cp Kompleti - Përzierës -1 komplete -10cp','2025-12-03 04:58:39','2025-12-03 04:58:39');
INSERT INTO stock_movements VALUES(173,37,'sale',NULL,NULL,-7,0.2700000000000000177,1.889999999999999903,560,553,'Shitje - Porosia #GT-20251203-001Z4JW','2025-12-03 05:56:39','2025-12-03 05:56:39');
INSERT INTO stock_movements VALUES(174,37,'sale',NULL,NULL,-16,0.2700000000000000177,4.320000000000000285,553,537,'Shitje - Porosia #GT-20251203-002OXIZ','2025-12-03 06:16:21','2025-12-03 06:16:21');
INSERT INTO stock_movements VALUES(175,37,'sale',NULL,NULL,-66,0.2700000000000000177,17.82000000000000028,537,471,'Shitje - Porosia #GT-20251203-0036TR9','2025-12-03 06:31:21','2025-12-03 06:31:21');
INSERT INTO stock_movements VALUES(176,37,'sale',NULL,NULL,-12,0.2700000000000000177,3.240000000000000213,400,388,'Shitje - Porosia #GT-20251203-001BIM9','2025-12-03 08:37:38','2025-12-03 08:37:38');
INSERT INTO stock_movements VALUES(177,37,'sale',NULL,NULL,-200,0.2700000000000000177,54,400,200,'Shitje - Porosia #GT-20251203-002ZADG','2025-12-03 08:39:26','2025-12-03 08:39:26');
INSERT INTO stock_movements VALUES(178,39,'sale',NULL,NULL,-120,0.3499999999999999778,42,400,280,'Shitje - Porosia #GT-20251203-002ZADG','2025-12-03 08:39:26','2025-12-03 08:39:26');
INSERT INTO stock_movements VALUES(179,38,'sale',NULL,NULL,-100,0.2999999999999999889,30,200,100,'Shitje - Porosia #GT-20251203-002ZADG','2025-12-03 08:39:26','2025-12-03 08:39:26');
INSERT INTO stock_movements VALUES(180,40,'sale',NULL,NULL,-100,0.4299999999999999934,43,800,700,'Shitje - Porosia #GT-20251203-002ZADG','2025-12-03 08:39:26','2025-12-03 08:39:26');
INSERT INTO stock_movements VALUES(181,37,'sale',NULL,NULL,-80,0.2700000000000000177,21.60000000000000143,200,120,'Shitje - Porosia #GT-20251203-002V43N','2025-12-03 21:30:27','2025-12-03 21:30:27');
INSERT INTO stock_movements VALUES(182,37,'sale',NULL,NULL,-80,0.2700000000000000177,21.60000000000000143,200,120,'Shitje - Porosia #GT-20251203-003C4XZ','2025-12-03 21:31:30','2025-12-03 21:31:30');
INSERT INTO stock_movements VALUES(183,40,'sale',NULL,NULL,-80,0.4299999999999999934,34.39999999999999858,700,620,'Shitje - Porosia #GT-20251203-003C4XZ','2025-12-03 21:31:30','2025-12-03 21:31:30');
INSERT INTO stock_movements VALUES(184,40,'receipt',16,NULL,800,0.4299999999999999934,344,0,800,'Pranim malli - SR-20251203-00012552 (Pranuar: 800.00 copa)','2025-12-03 21:38:49','2025-12-03 21:38:49');
INSERT INTO stock_movements VALUES(185,40,'sale',NULL,NULL,-200,0.4299999999999999934,86,800,600,'Shitje - Porosia #GT-20251203-001RNNO','2025-12-03 21:40:49','2025-12-03 21:40:49');
INSERT INTO stock_movements VALUES(186,37,'receipt',17,NULL,400,0.2700000000000000177,108,0,400,'Pranim malli - SR-20251203-0002F248 (Pranuar: 400.00 copa)','2025-12-03 22:28:58','2025-12-03 22:28:58');
INSERT INTO stock_movements VALUES(187,38,'receipt',17,NULL,200,0.2999999999999999889,60,0,200,'Pranim malli - SR-20251203-0002F248 (Pranuar: 200.00 copa)','2025-12-03 22:28:58','2025-12-03 22:28:58');
INSERT INTO stock_movements VALUES(188,39,'receipt',17,NULL,400,0.3499999999999999778,140,0,400,'Pranim malli - SR-20251203-0002F248 (Pranuar: 400.00 copa)','2025-12-03 22:28:58','2025-12-03 22:28:58');
INSERT INTO stock_movements VALUES(189,40,'receipt',17,NULL,800,0.4299999999999999934,344,0,800,'Pranim malli - SR-20251203-0002F248 (Pranuar: 800.00 copa)','2025-12-03 22:28:58','2025-12-03 22:28:58');
INSERT INTO stock_movements VALUES(190,15,'receipt',18,NULL,8000,0.02999999999999999889,240,0,8000,'Pranim malli - SR-20251203-0003B07B (Pranuar: 400.00 kompleti = 8000 copa)','2025-12-03 22:39:44','2025-12-03 22:39:44');
INSERT INTO stock_movements VALUES(191,16,'receipt',18,NULL,8000,0.5999999999999999778,240,0,8000,'Pranim malli - SR-20251203-0003B07B (Pranuar: 400.00 kompleti = 8000 copa)','2025-12-03 22:39:44','2025-12-03 22:39:44');
INSERT INTO stock_movements VALUES(192,16,'receipt',19,NULL,4000,0.5999999999999999778,120,0,4000,'Pranim malli - SR-20251203-0004CF9B (Pranuar: 200.00 kompleti = 4000 copa)','2025-12-03 23:14:15','2025-12-03 23:14:15');
INSERT INTO stock_movements VALUES(193,13,'receipt',20,NULL,4000,0.2999999999999999889,60,0,4000,'Pranim malli - SR-20251204-0001660F (Pranuar: 200.00 kompleti = 4000 copa)','2025-12-04 04:19:53','2025-12-04 04:19:53');
INSERT INTO stock_movements VALUES(194,14,'receipt',21,NULL,400,0.5,200,0,400,'Pranim malli - SR-20251204-000266CA (Pranuar: 400.00 copa)','2025-12-04 04:36:38','2025-12-04 04:36:38');
INSERT INTO stock_movements VALUES(195,8,'receipt',22,NULL,2000,0.07000000000000000667,145,0,2000,'Pranim malli - SR-20251204-00035BA0 (Pranuar: 100.00 kg = 2000 copa)','2025-12-04 04:44:15','2025-12-04 04:44:15');
INSERT INTO stock_movements VALUES(196,16,'receipt',23,NULL,600,0.5999999999999999778,360,0,600,'Pranim malli - SR-20251204-0004D1A2 (Pranuar: 600.00 copa)','2025-12-04 04:45:18','2025-12-04 04:45:18');
INSERT INTO stock_movements VALUES(197,37,'sale',NULL,NULL,-120,0.2700000000000000177,32.39999999999999858,400,280,'Shitje - Porosia #GT-20251205-001AC8I','2025-12-05 19:48:51','2025-12-05 19:48:51');
INSERT INTO stock_movements VALUES(198,37,'sale',NULL,NULL,-120,0.2700000000000000177,32.39999999999999858,280,160,'Shitje - Porosia #GT-20251205-002REBO','2025-12-05 20:18:46','2025-12-05 20:18:46');
INSERT INTO stock_movements VALUES(199,35,'shortage',NULL,NULL,-1000,NULL,NULL,0,0,'Mungesë stoku - Luga Kafe E Bardh 10cp Kompleti - Përzierës -100 komplete -1000cp','2025-12-05 20:55:40','2025-12-05 20:55:40');
INSERT INTO stock_movements VALUES(200,35,'shortage',NULL,NULL,-700,NULL,NULL,0,0,'Mungesë stoku - Luga Kafe E Bardh 10cp Kompleti - Përzierës -70 komplete -700cp','2025-12-05 22:47:35','2025-12-05 22:47:35');
INSERT INTO stock_movements VALUES(201,35,'shortage',NULL,NULL,-470,NULL,NULL,0,0,'Mungesë stoku - Luga Kafe E Bardh 10cp Kompleti - Përzierës -47 komplete -470cp','2025-12-05 23:14:07','2025-12-05 23:14:07');
INSERT INTO stock_movements VALUES(202,35,'shortage',NULL,NULL,-500,NULL,NULL,0,0,'Mungesë stoku - Luga Kafe E Bardh 10cp Kompleti - Përzierës -50 komplete -500cp','2025-12-05 23:39:58','2025-12-05 23:39:58');
INSERT INTO stock_movements VALUES(203,35,'shortage',NULL,NULL,-880,NULL,NULL,0,0,'Mungesë stoku - Luga Kafe E Bardh 10cp Kompleti - Përzierës -88 komplete -880cp','2025-12-06 08:05:08','2025-12-06 08:05:08');
INSERT INTO stock_movements VALUES(204,35,'shortage',NULL,NULL,-500,NULL,NULL,0,0,'Mungesë stoku - Luga Kafe E Bardh 10cp Kompleti - Përzierës -50 komplete -500cp','2025-12-06 08:06:19','2025-12-06 08:06:19');
INSERT INTO stock_movements VALUES(205,37,'sale',NULL,NULL,-400,0.2700000000000000177,108,400,0,'Shitje - Porosia #GT-20251206-002GUQX','2025-12-06 08:06:19','2025-12-06 08:06:19');
INSERT INTO stock_movements VALUES(206,37,'shortage',NULL,NULL,-1600,0.2700000000000000177,432,0,0,'Mungesë stoku - Gota Letre Per Kafe 2.5oz - Të Tjera -40 komplete -1600cp','2025-12-06 08:06:19','2025-12-06 08:06:19');
INSERT INTO stock_movements VALUES(207,38,'sale',NULL,NULL,-200,0.2999999999999999889,60,200,0,'Shitje - Porosia #GT-20251206-002GUQX','2025-12-06 08:06:19','2025-12-06 08:06:19');
INSERT INTO stock_movements VALUES(208,38,'shortage',NULL,NULL,-800,0.2999999999999999889,240,0,0,'Mungesë stoku - Gota Letre Per Kafe 3oz - Të Tjera -40 komplete -800cp','2025-12-06 08:06:19','2025-12-06 08:06:19');
INSERT INTO stock_movements VALUES(209,39,'sale',NULL,NULL,-400,0.3499999999999999778,140,400,0,'Shitje - Porosia #GT-20251206-002GUQX','2025-12-06 08:06:19','2025-12-06 08:06:19');
INSERT INTO stock_movements VALUES(210,39,'shortage',NULL,NULL,-600,0.3499999999999999778,210,0,0,'Mungesë stoku - Gota Letre Per Kafe 4oz - Të Tjera -30 komplete -600cp','2025-12-06 08:06:19','2025-12-06 08:06:19');
INSERT INTO stock_movements VALUES(211,40,'sale',NULL,NULL,-800,0.4299999999999999934,344,800,0,'Shitje - Porosia #GT-20251206-002GUQX','2025-12-06 08:06:19','2025-12-06 08:06:19');
INSERT INTO stock_movements VALUES(212,40,'shortage',NULL,NULL,-200,0.4299999999999999934,86,0,0,'Mungesë stoku - Gota Letre Per Kafe 7oz - Të Tjera -10 komplete -200cp','2025-12-06 08:06:19','2025-12-06 08:06:19');
INSERT INTO stock_movements VALUES(213,4,'shortage',NULL,NULL,-600,NULL,NULL,0,0,'Mungesë stoku - Letër Kuzhine NUSH 2 Shtresa - Peceta/Letër -50 komplete -600cp','2025-12-06 08:06:19','2025-12-06 08:06:19');
INSERT INTO stock_movements VALUES(214,22,'shortage',NULL,NULL,-10,0.5999999999999999778,6,0,0,'Mungesë stoku - Mbulesë Tavoline LDP - Të Tjera -1 komplete -10cp','2025-12-06 08:06:19','2025-12-06 08:06:19');
INSERT INTO stock_movements VALUES(215,39,'sale',NULL,NULL,-400,0.3499999999999999778,140,400,0,'Shitje - Porosia #GT-20251206-003GRZO','2025-12-06 08:37:11','2025-12-06 08:37:11');
INSERT INTO stock_movements VALUES(216,39,'shortage',NULL,NULL,-1600,0.3499999999999999778,560,0,0,'Mungesë stoku - Gota Letre Per Kafe 4oz - Të Tjera -80 komplete -1600cp','2025-12-06 08:37:11','2025-12-06 08:37:11');
INSERT INTO stock_movements VALUES(217,38,'sale',NULL,NULL,-200,0.2999999999999999889,60,200,0,'Shitje - Porosia #GT-20251206-003GRZO','2025-12-06 08:37:11','2025-12-06 08:37:11');
INSERT INTO stock_movements VALUES(218,38,'shortage',NULL,NULL,-1800,0.2999999999999999889,540,0,0,'Mungesë stoku - Gota Letre Per Kafe 3oz - Të Tjera -90 komplete -1800cp','2025-12-06 08:37:11','2025-12-06 08:37:11');
INSERT INTO stock_movements VALUES(219,8,'receipt',24,NULL,400,0.1499999999999999945,60,0,400,'Pranim malli - SR-20251206-00013F5C (Pranuar: 400.00 copa)','2025-12-06 08:52:25','2025-12-06 08:52:25');
INSERT INTO stock_movements VALUES(220,9,'receipt',24,NULL,400,0.1700000000000000122,68,0,400,'Pranim malli - SR-20251206-00013F5C (Pranuar: 400.00 copa)','2025-12-06 08:52:25','2025-12-06 08:52:25');
INSERT INTO stock_movements VALUES(221,10,'receipt',24,NULL,400,0.2000000000000000111,80,0,400,'Pranim malli - SR-20251206-00013F5C (Pranuar: 400.00 copa)','2025-12-06 08:52:25','2025-12-06 08:52:25');
INSERT INTO stock_movements VALUES(222,11,'receipt',24,NULL,400,0.2200000000000000011,88,0,400,'Pranim malli - SR-20251206-00013F5C (Pranuar: 400.00 copa)','2025-12-06 08:52:25','2025-12-06 08:52:25');
INSERT INTO stock_movements VALUES(223,12,'receipt',24,NULL,400,0.2399999999999999912,96,0,400,'Pranim malli - SR-20251206-00013F5C (Pranuar: 400.00 copa)','2025-12-06 08:52:25','2025-12-06 08:52:25');
INSERT INTO stock_movements VALUES(224,13,'receipt',24,NULL,400,0.2999999999999999889,120,0,400,'Pranim malli - SR-20251206-00013F5C (Pranuar: 400.00 copa)','2025-12-06 08:52:25','2025-12-06 08:52:25');
INSERT INTO stock_movements VALUES(225,14,'receipt',24,NULL,1000,0.5,500,0,1000,'Pranim malli - SR-20251206-00013F5C (Pranuar: 1,000.00 copa)','2025-12-06 08:52:25','2025-12-06 08:52:25');
INSERT INTO stock_movements VALUES(226,15,'receipt',24,NULL,1000,0.5999999999999999778,600,0,1000,'Pranim malli - SR-20251206-00013F5C (Pranuar: 1,000.00 copa)','2025-12-06 08:52:25','2025-12-06 08:52:25');
INSERT INTO stock_movements VALUES(227,16,'receipt',24,NULL,1000,0.5999999999999999778,600,0,1000,'Pranim malli - SR-20251206-00013F5C (Pranuar: 1,000.00 copa)','2025-12-06 08:52:25','2025-12-06 08:52:25');
INSERT INTO stock_movements VALUES(228,16,'sale',NULL,NULL,-400,0.5999999999999999778,240,1000,600,'Shitje - Porosia #GT-20251206-001KMQU','2025-12-06 08:57:11','2025-12-06 08:57:11');
INSERT INTO stock_movements VALUES(229,15,'sale',NULL,NULL,-400,0.5999999999999999778,240,1000,600,'Shitje - Porosia #GT-20251206-001KMQU','2025-12-06 08:57:11','2025-12-06 08:57:11');
INSERT INTO stock_movements VALUES(230,12,'sale',NULL,NULL,-400,0.2399999999999999912,96,400,0,'Shitje - Porosia #GT-20251206-001KMQU','2025-12-06 08:57:11','2025-12-06 08:57:11');
INSERT INTO stock_movements VALUES(231,16,'sale',NULL,NULL,-400,0.5999999999999999778,240,1000,600,'Shitje - Porosia #GT-20251206-002UQWZ','2025-12-06 21:52:14','2025-12-06 21:52:14');
INSERT INTO stock_movements VALUES(232,15,'sale',NULL,NULL,-400,0.5999999999999999778,240,1000,600,'Shitje - Porosia #GT-20251206-002UQWZ','2025-12-06 21:52:14','2025-12-06 21:52:14');
INSERT INTO stock_movements VALUES(233,12,'sale',NULL,NULL,-400,0.2399999999999999912,96,400,0,'Shitje - Porosia #GT-20251206-002UQWZ','2025-12-06 21:52:14','2025-12-06 21:52:14');
INSERT INTO stock_movements VALUES(234,16,'sale',NULL,NULL,-200,0.5999999999999999778,120,200,0,'Shitje - Porosia #GT-20251206-173DF8L','2025-12-06 22:04:50','2025-12-06 22:04:50');
INSERT INTO stock_movements VALUES(235,16,'shortage',NULL,NULL,-200,0.5999999999999999778,120,0,0,'Mungesë stoku - Kese Mbeturinash 300L - Mbeturina -10 komplete -200cp','2025-12-06 22:04:50','2025-12-06 22:04:50');
INSERT INTO stock_movements VALUES(236,15,'sale',NULL,NULL,-200,0.5999999999999999778,120,200,0,'Shitje - Porosia #GT-20251206-173DF8L','2025-12-06 22:04:50','2025-12-06 22:04:50');
INSERT INTO stock_movements VALUES(237,15,'shortage',NULL,NULL,-200,0.5999999999999999778,120,0,0,'Mungesë stoku - Kese Mbeturinash 270L - Mbeturina -10 komplete -200cp','2025-12-06 22:04:50','2025-12-06 22:04:50');
INSERT INTO stock_movements VALUES(238,12,'shortage',NULL,NULL,-400,0.2399999999999999912,96,0,0,'Mungesë stoku - Kese Mbeturinash 170L - Mbeturina -20 komplete -400cp','2025-12-06 22:04:50','2025-12-06 22:04:50');
INSERT INTO stock_movements VALUES(239,16,'sale',NULL,NULL,-100,0.5999999999999999778,60,1000,900,'Shitje - Porosia #GT-20251207-312HFA9','2025-12-07 10:33:26','2025-12-07 10:33:26');
INSERT INTO stock_movements VALUES(240,15,'sale',NULL,NULL,-100,0.5999999999999999778,60,1000,900,'Shitje - Porosia #GT-20251207-312HFA9','2025-12-07 10:33:26','2025-12-07 10:33:26');
INSERT INTO stock_movements VALUES(241,37,'sale',NULL,NULL,-120,0.2700000000000000177,32.39999999999999858,400,280,'Shitje - Porosia #GT-20251207-312HFA9','2025-12-07 10:33:26','2025-12-07 10:33:26');
INSERT INTO stock_movements VALUES(242,38,'sale',NULL,NULL,-100,0.2999999999999999889,30,200,100,'Shitje - Porosia #GT-20251207-312HFA9','2025-12-07 10:33:26','2025-12-07 10:33:26');
INSERT INTO stock_movements VALUES(243,40,'sale',NULL,NULL,-100,0.4299999999999999934,43,800,700,'Shitje - Porosia #GT-20251207-312HFA9','2025-12-07 10:33:26','2025-12-07 10:33:26');
INSERT INTO stock_movements VALUES(244,39,'sale',NULL,NULL,-100,0.3499999999999999778,35,400,300,'Shitje - Porosia #GT-20251207-312HFA9','2025-12-07 10:33:26','2025-12-07 10:33:26');
INSERT INTO stock_movements VALUES(245,35,'shortage',NULL,NULL,-100,NULL,NULL,0,0,'Mungesë stoku - Luga Kafe E Bardh 10cp Kompleti - Përzierës -10 komplete -100cp','2025-12-07 10:33:26','2025-12-07 10:33:26');
INSERT INTO stock_movements VALUES(246,16,'sale',NULL,NULL,-100,0.5999999999999999778,60,900,800,'Shitje - Porosia #GT-20251207-886W8VL','2025-12-07 10:37:06','2025-12-07 10:37:06');
INSERT INTO stock_movements VALUES(247,15,'sale',NULL,NULL,-100,0.5999999999999999778,60,900,800,'Shitje - Porosia #GT-20251207-886W8VL','2025-12-07 10:37:06','2025-12-07 10:37:06');
INSERT INTO stock_movements VALUES(248,37,'sale',NULL,NULL,-120,0.2700000000000000177,32.39999999999999858,280,160,'Shitje - Porosia #GT-20251207-886W8VL','2025-12-07 10:37:06','2025-12-07 10:37:06');
INSERT INTO stock_movements VALUES(249,38,'sale',NULL,NULL,-100,0.2999999999999999889,30,100,0,'Shitje - Porosia #GT-20251207-886W8VL','2025-12-07 10:37:06','2025-12-07 10:37:06');
INSERT INTO stock_movements VALUES(250,40,'sale',NULL,NULL,-100,0.4299999999999999934,43,700,600,'Shitje - Porosia #GT-20251207-886W8VL','2025-12-07 10:37:06','2025-12-07 10:37:06');
INSERT INTO stock_movements VALUES(251,39,'sale',NULL,NULL,-100,0.3499999999999999778,35,300,200,'Shitje - Porosia #GT-20251207-886W8VL','2025-12-07 10:37:06','2025-12-07 10:37:06');
INSERT INTO stock_movements VALUES(252,35,'shortage',NULL,NULL,-100,NULL,NULL,0,0,'Mungesë stoku - Luga Kafe E Bardh 10cp Kompleti - Përzierës -10 komplete -100cp','2025-12-07 10:37:06','2025-12-07 10:37:06');
INSERT INTO stock_movements VALUES(253,37,'sale',NULL,NULL,-120,0.2700000000000000177,32.39999999999999858,280,160,'Shitje - Porosia #GT-20251207-820PHAI','2025-12-07 10:43:06','2025-12-07 10:43:06');
INSERT INTO stock_movements VALUES(254,38,'sale',NULL,NULL,-100,0.2999999999999999889,30,100,0,'Shitje - Porosia #GT-20251207-820PHAI','2025-12-07 10:43:06','2025-12-07 10:43:06');
INSERT INTO stock_movements VALUES(255,40,'sale',NULL,NULL,-100,0.4299999999999999934,43,700,600,'Shitje - Porosia #GT-20251207-820PHAI','2025-12-07 10:43:06','2025-12-07 10:43:06');
INSERT INTO stock_movements VALUES(256,39,'sale',NULL,NULL,-100,0.3499999999999999778,35,300,200,'Shitje - Porosia #GT-20251207-820PHAI','2025-12-07 10:43:06','2025-12-07 10:43:06');
INSERT INTO stock_movements VALUES(257,35,'shortage',NULL,NULL,-100,NULL,NULL,0,0,'Mungesë stoku - Luga Kafe E Bardh 10cp Kompleti - Përzierës -10 komplete -100cp','2025-12-07 10:43:06','2025-12-07 10:43:06');
INSERT INTO stock_movements VALUES(258,35,'shortage',NULL,NULL,-100,NULL,NULL,0,0,'Mungesë stoku - Luga Kafe E Bardh 10cp Kompleti - Përzierës -10 komplete -100cp','2025-12-07 10:48:19','2025-12-07 10:48:19');
INSERT INTO stock_movements VALUES(259,28,'shortage',NULL,NULL,-200,NULL,NULL,0,0,'Mungesë stoku - Pipëza Te Zi për Pije (100Cp - Kompleti 20Cp) - Pipëza -10 komplete -200cp','2025-12-07 21:22:40','2025-12-07 21:22:40');
INSERT INTO stock_movements VALUES(260,28,'shortage',NULL,NULL,-240,NULL,NULL,0,0,'Mungesë stoku - Pipëza Te Zi për Pije (100Cp - Kompleti 20Cp) - Pipëza -12 komplete -240cp','2025-12-07 21:28:50','2025-12-07 21:28:50');
INSERT INTO stock_movements VALUES(261,28,'shortage',NULL,NULL,-260,NULL,NULL,0,0,'Mungesë stoku - Pipëza Te Zi për Pije (100Cp - Kompleti 20Cp) - Pipëza -13 komplete -260cp','2025-12-07 21:39:51','2025-12-07 21:39:51');
INSERT INTO stock_movements VALUES(262,28,'shortage',NULL,NULL,-260,NULL,NULL,0,0,'Mungesë stoku - Pipëza Te Zi për Pije (100Cp - Kompleti 20Cp) - Pipëza -13 komplete -260cp','2025-12-07 21:45:38','2025-12-07 21:45:38');
INSERT INTO stock_movements VALUES(263,28,'shortage',NULL,NULL,-300,NULL,NULL,0,0,'Mungesë stoku - Pipëza Te Zi për Pije (100Cp - Kompleti 20Cp) - Pipëza -15 komplete -300cp','2025-12-07 22:00:52','2025-12-07 22:00:52');
INSERT INTO stock_movements VALUES(264,39,'sale',NULL,35,-100,0.3499999999999999778,35,400,300,'Shitje - Porosia #GT-20251207-820UJ1D','2025-12-07 22:24:51','2025-12-07 22:24:51');
INSERT INTO stock_movements VALUES(265,9,'sale',NULL,36,-40,0.1700000000000000122,6.799999999999999823,400,360,'Shitje - Porosia #GT-20260216-3407E3E','2026-02-16 13:06:12','2026-02-16 13:06:12');
INSERT INTO stock_movements VALUES(266,8,'sale',NULL,36,-20,0.1499999999999999945,3,400,380,'Shitje - Porosia #GT-20260216-3407E3E','2026-02-16 13:06:12','2026-02-16 13:06:12');
INSERT INTO stock_movements VALUES(267,10,'sale',NULL,36,-20,0.2000000000000000111,4,400,380,'Shitje - Porosia #GT-20260216-3407E3E','2026-02-16 13:06:12','2026-02-16 13:06:12');
INSERT INTO stock_movements VALUES(268,11,'sale',NULL,36,-20,0.2200000000000000011,4.400000000000000356,400,380,'Shitje - Porosia #GT-20260216-3407E3E','2026-02-16 13:06:12','2026-02-16 13:06:12');
INSERT INTO stock_movements VALUES(269,12,'sale',NULL,36,-20,0.2399999999999999912,4.799999999999999823,400,380,'Shitje - Porosia #GT-20260216-3407E3E','2026-02-16 13:06:12','2026-02-16 13:06:12');
INSERT INTO stock_movements VALUES(270,13,'sale',NULL,36,-20,0.2999999999999999889,6,400,380,'Shitje - Porosia #GT-20260216-3407E3E','2026-02-16 13:06:12','2026-02-16 13:06:12');
INSERT INTO stock_movements VALUES(271,14,'sale',NULL,36,-20,0.5,10,1000,980,'Shitje - Porosia #GT-20260216-3407E3E','2026-02-16 13:06:12','2026-02-16 13:06:12');
INSERT INTO stock_movements VALUES(272,15,'sale',NULL,36,-20,0.5999999999999999778,12,1000,980,'Shitje - Porosia #GT-20260216-3407E3E','2026-02-16 13:06:12','2026-02-16 13:06:12');
INSERT INTO stock_movements VALUES(273,16,'sale',NULL,36,-20,0.5999999999999999778,12,1000,980,'Shitje - Porosia #GT-20260216-3407E3E','2026-02-16 13:06:12','2026-02-16 13:06:12');
INSERT INTO stock_movements VALUES(274,37,'sale',NULL,37,-40,0.2700000000000000177,10.80000000000000072,400,360,'Shitje - Porosia #GT-20260217-831NSAF','2026-02-17 13:31:22','2026-02-17 13:31:22');
INSERT INTO stock_movements VALUES(275,38,'sale',NULL,37,-40,0.2999999999999999889,12,200,160,'Shitje - Porosia #GT-20260217-831NSAF','2026-02-17 13:31:22','2026-02-17 13:31:22');
INSERT INTO stock_movements VALUES(276,39,'sale',NULL,37,-40,0.3499999999999999778,14,300,260,'Shitje - Porosia #GT-20260217-831NSAF','2026-02-17 13:31:22','2026-02-17 13:31:22');
INSERT INTO stock_movements VALUES(277,40,'sale',NULL,37,-40,0.4299999999999999934,17.19999999999999929,800,760,'Shitje - Porosia #GT-20260217-831NSAF','2026-02-17 13:31:22','2026-02-17 13:31:22');
INSERT INTO stock_movements VALUES(278,35,'shortage',NULL,37,-30,NULL,NULL,0,0,'Mungesë stoku - Luga Kafe E Bardh 10cp Kompleti - Përzierës -3 komplete -30cp','2026-02-17 13:31:22','2026-02-17 13:31:22');
INSERT INTO stock_movements VALUES(279,4,'shortage',NULL,37,-24,NULL,NULL,0,0,'Mungesë stoku - Letër Kuzhine NUSH 2 Shtresa - Peceta/Letër -2 komplete -24cp','2026-02-17 13:31:22','2026-02-17 13:31:22');
INSERT INTO stock_movements VALUES(280,22,'shortage',NULL,37,-10,0.5999999999999999778,6,0,0,'Mungesë stoku - Mbulesë Tavoline LDP - Të Tjera -1 komplete -10cp','2026-02-17 13:31:22','2026-02-17 13:31:22');
INSERT INTO stock_movements VALUES(281,8,'sale',NULL,37,-20,0.1499999999999999945,3,380,360,'Shitje - Porosia #GT-20260217-831NSAF','2026-02-17 13:31:22','2026-02-17 13:31:22');
INSERT INTO stock_movements VALUES(282,9,'sale',NULL,37,-20,0.1700000000000000122,3.399999999999999912,360,340,'Shitje - Porosia #GT-20260217-831NSAF','2026-02-17 13:31:22','2026-02-17 13:31:22');
INSERT INTO stock_movements VALUES(283,10,'sale',NULL,37,-20,0.2000000000000000111,4,380,360,'Shitje - Porosia #GT-20260217-831NSAF','2026-02-17 13:31:22','2026-02-17 13:31:22');
INSERT INTO stock_movements VALUES(284,11,'sale',NULL,37,-20,0.2200000000000000011,4.400000000000000356,380,360,'Shitje - Porosia #GT-20260217-831NSAF','2026-02-17 13:31:22','2026-02-17 13:31:22');
INSERT INTO stock_movements VALUES(285,12,'sale',NULL,37,-20,0.2399999999999999912,4.799999999999999823,380,360,'Shitje - Porosia #GT-20260217-831NSAF','2026-02-17 13:31:22','2026-02-17 13:31:22');
INSERT INTO stock_movements VALUES(286,13,'sale',NULL,37,-20,0.2999999999999999889,6,380,360,'Shitje - Porosia #GT-20260217-831NSAF','2026-02-17 13:31:22','2026-02-17 13:31:22');
INSERT INTO stock_movements VALUES(287,14,'sale',NULL,37,-40,0.5,20,980,940,'Shitje - Porosia #GT-20260217-831NSAF','2026-02-17 13:31:22','2026-02-17 13:31:22');
INSERT INTO stock_movements VALUES(288,15,'sale',NULL,37,-40,0.5999999999999999778,24,980,940,'Shitje - Porosia #GT-20260217-831NSAF','2026-02-17 13:31:22','2026-02-17 13:31:22');
INSERT INTO stock_movements VALUES(289,16,'sale',NULL,37,-40,0.5999999999999999778,24,980,940,'Shitje - Porosia #GT-20260217-831NSAF','2026-02-17 13:31:22','2026-02-17 13:31:22');
INSERT INTO stock_movements VALUES(290,43,'shortage',NULL,37,-16,NULL,NULL,0,0,'Mungesë stoku - Letër Salvete - Peceta/Letër -2 komplete -16cp','2026-02-17 13:31:22','2026-02-17 13:31:22');
INSERT INTO stock_movements VALUES(291,27,'shortage',NULL,37,-20,NULL,NULL,0,0,'Mungesë stoku - Pipëza Transparente për Pije (100Cp - Kompleti 20Cp) - Pipëza -1 komplete -20cp','2026-02-17 13:31:22','2026-02-17 13:31:22');
INSERT INTO stock_movements VALUES(292,28,'shortage',NULL,37,-20,NULL,NULL,0,0,'Mungesë stoku - Pipëza Te Zi për Pije (100Cp - Kompleti 20Cp) - Pipëza -1 komplete -20cp','2026-02-17 13:31:22','2026-02-17 13:31:22');
INSERT INTO stock_movements VALUES(293,29,'shortage',NULL,37,-20,NULL,NULL,0,0,'Mungesë stoku - Pipëza Color për Pije (100Cp - Kompleti 20Cp) - Pipëza -1 komplete -20cp','2026-02-17 13:31:22','2026-02-17 13:31:22');
INSERT INTO stock_movements VALUES(294,37,'sale',NULL,38,-40,0.2700000000000000177,10.80000000000000072,360,320,'Shitje - Porosia #GT-20260217-407TMUG','2026-02-17 13:35:55','2026-02-17 13:35:55');
INSERT INTO stock_movements VALUES(295,38,'sale',NULL,38,-40,0.2999999999999999889,12,160,120,'Shitje - Porosia #GT-20260217-407TMUG','2026-02-17 13:35:55','2026-02-17 13:35:55');
INSERT INTO stock_movements VALUES(296,39,'sale',NULL,38,-40,0.3499999999999999778,14,260,220,'Shitje - Porosia #GT-20260217-407TMUG','2026-02-17 13:35:55','2026-02-17 13:35:55');
INSERT INTO stock_movements VALUES(297,40,'sale',NULL,38,-40,0.4299999999999999934,17.19999999999999929,760,720,'Shitje - Porosia #GT-20260217-407TMUG','2026-02-17 13:35:55','2026-02-17 13:35:55');
INSERT INTO stock_movements VALUES(298,35,'shortage',NULL,38,-30,NULL,NULL,0,0,'Mungesë stoku - Luga Kafe E Bardh 10cp Kompleti - Përzierës -3 komplete -30cp','2026-02-17 13:35:55','2026-02-17 13:35:55');
INSERT INTO stock_movements VALUES(299,4,'shortage',NULL,38,-24,NULL,NULL,0,0,'Mungesë stoku - Letër Kuzhine NUSH 2 Shtresa - Peceta/Letër -2 komplete -24cp','2026-02-17 13:35:55','2026-02-17 13:35:55');
INSERT INTO stock_movements VALUES(300,22,'shortage',NULL,38,-10,0.5999999999999999778,6,0,0,'Mungesë stoku - Mbulesë Tavoline LDP - Të Tjera -1 komplete -10cp','2026-02-17 13:35:55','2026-02-17 13:35:55');
INSERT INTO stock_movements VALUES(301,8,'sale',NULL,38,-20,0.1499999999999999945,3,360,340,'Shitje - Porosia #GT-20260217-407TMUG','2026-02-17 13:35:55','2026-02-17 13:35:55');
INSERT INTO stock_movements VALUES(302,9,'sale',NULL,38,-20,0.1700000000000000122,3.399999999999999912,340,320,'Shitje - Porosia #GT-20260217-407TMUG','2026-02-17 13:35:55','2026-02-17 13:35:55');
INSERT INTO stock_movements VALUES(303,10,'sale',NULL,38,-20,0.2000000000000000111,4,360,340,'Shitje - Porosia #GT-20260217-407TMUG','2026-02-17 13:35:55','2026-02-17 13:35:55');
INSERT INTO stock_movements VALUES(304,11,'sale',NULL,38,-20,0.2200000000000000011,4.400000000000000356,360,340,'Shitje - Porosia #GT-20260217-407TMUG','2026-02-17 13:35:55','2026-02-17 13:35:55');
INSERT INTO stock_movements VALUES(305,12,'sale',NULL,38,-20,0.2399999999999999912,4.799999999999999823,360,340,'Shitje - Porosia #GT-20260217-407TMUG','2026-02-17 13:35:55','2026-02-17 13:35:55');
INSERT INTO stock_movements VALUES(306,13,'sale',NULL,38,-20,0.2999999999999999889,6,360,340,'Shitje - Porosia #GT-20260217-407TMUG','2026-02-17 13:35:55','2026-02-17 13:35:55');
INSERT INTO stock_movements VALUES(307,14,'sale',NULL,38,-40,0.5,20,940,900,'Shitje - Porosia #GT-20260217-407TMUG','2026-02-17 13:35:55','2026-02-17 13:35:55');
INSERT INTO stock_movements VALUES(308,15,'sale',NULL,38,-40,0.5999999999999999778,24,940,900,'Shitje - Porosia #GT-20260217-407TMUG','2026-02-17 13:35:55','2026-02-17 13:35:55');
INSERT INTO stock_movements VALUES(309,16,'sale',NULL,38,-40,0.5999999999999999778,24,940,900,'Shitje - Porosia #GT-20260217-407TMUG','2026-02-17 13:35:55','2026-02-17 13:35:55');
INSERT INTO stock_movements VALUES(310,43,'shortage',NULL,38,-16,NULL,NULL,0,0,'Mungesë stoku - Letër Salvete - Peceta/Letër -2 komplete -16cp','2026-02-17 13:35:55','2026-02-17 13:35:55');
INSERT INTO stock_movements VALUES(311,27,'shortage',NULL,38,-20,NULL,NULL,0,0,'Mungesë stoku - Pipëza Transparente për Pije (100Cp - Kompleti 20Cp) - Pipëza -1 komplete -20cp','2026-02-17 13:35:55','2026-02-17 13:35:55');
INSERT INTO stock_movements VALUES(312,28,'shortage',NULL,38,-20,NULL,NULL,0,0,'Mungesë stoku - Pipëza Te Zi për Pije (100Cp - Kompleti 20Cp) - Pipëza -1 komplete -20cp','2026-02-17 13:35:55','2026-02-17 13:35:55');
INSERT INTO stock_movements VALUES(313,29,'shortage',NULL,38,-20,NULL,NULL,0,0,'Mungesë stoku - Pipëza Color për Pije (100Cp - Kompleti 20Cp) - Pipëza -1 komplete -20cp','2026-02-17 13:35:55','2026-02-17 13:35:55');
INSERT INTO stock_movements VALUES(314,37,'sale',NULL,39,-40,0.2700000000000000177,10.80000000000000072,360,320,'Shitje - Porosia #GT-20260217-873735B','2026-02-17 13:36:04','2026-02-17 13:36:04');
INSERT INTO stock_movements VALUES(315,38,'sale',NULL,39,-40,0.2999999999999999889,12,160,120,'Shitje - Porosia #GT-20260217-873735B','2026-02-17 13:36:04','2026-02-17 13:36:04');
INSERT INTO stock_movements VALUES(316,39,'sale',NULL,39,-40,0.3499999999999999778,14,260,220,'Shitje - Porosia #GT-20260217-873735B','2026-02-17 13:36:04','2026-02-17 13:36:04');
INSERT INTO stock_movements VALUES(317,40,'sale',NULL,39,-40,0.4299999999999999934,17.19999999999999929,760,720,'Shitje - Porosia #GT-20260217-873735B','2026-02-17 13:36:04','2026-02-17 13:36:04');
INSERT INTO stock_movements VALUES(318,35,'shortage',NULL,39,-30,NULL,NULL,0,0,'Mungesë stoku - Luga Kafe E Bardh 10cp Kompleti - Përzierës -3 komplete -30cp','2026-02-17 13:36:04','2026-02-17 13:36:04');
INSERT INTO stock_movements VALUES(319,4,'shortage',NULL,39,-24,NULL,NULL,0,0,'Mungesë stoku - Letër Kuzhine NUSH 2 Shtresa - Peceta/Letër -2 komplete -24cp','2026-02-17 13:36:04','2026-02-17 13:36:04');
INSERT INTO stock_movements VALUES(320,22,'shortage',NULL,39,-10,0.5999999999999999778,6,0,0,'Mungesë stoku - Mbulesë Tavoline LDP - Të Tjera -1 komplete -10cp','2026-02-17 13:36:04','2026-02-17 13:36:04');
INSERT INTO stock_movements VALUES(321,8,'sale',NULL,39,-20,0.1499999999999999945,3,360,340,'Shitje - Porosia #GT-20260217-873735B','2026-02-17 13:36:04','2026-02-17 13:36:04');
INSERT INTO stock_movements VALUES(322,9,'sale',NULL,39,-20,0.1700000000000000122,3.399999999999999912,340,320,'Shitje - Porosia #GT-20260217-873735B','2026-02-17 13:36:04','2026-02-17 13:36:04');
INSERT INTO stock_movements VALUES(323,10,'sale',NULL,39,-20,0.2000000000000000111,4,360,340,'Shitje - Porosia #GT-20260217-873735B','2026-02-17 13:36:04','2026-02-17 13:36:04');
INSERT INTO stock_movements VALUES(324,11,'sale',NULL,39,-20,0.2200000000000000011,4.400000000000000356,360,340,'Shitje - Porosia #GT-20260217-873735B','2026-02-17 13:36:04','2026-02-17 13:36:04');
INSERT INTO stock_movements VALUES(325,12,'sale',NULL,39,-20,0.2399999999999999912,4.799999999999999823,360,340,'Shitje - Porosia #GT-20260217-873735B','2026-02-17 13:36:04','2026-02-17 13:36:04');
INSERT INTO stock_movements VALUES(326,13,'sale',NULL,39,-20,0.2999999999999999889,6,360,340,'Shitje - Porosia #GT-20260217-873735B','2026-02-17 13:36:04','2026-02-17 13:36:04');
INSERT INTO stock_movements VALUES(327,14,'sale',NULL,39,-40,0.5,20,940,900,'Shitje - Porosia #GT-20260217-873735B','2026-02-17 13:36:04','2026-02-17 13:36:04');
INSERT INTO stock_movements VALUES(328,15,'sale',NULL,39,-40,0.5999999999999999778,24,940,900,'Shitje - Porosia #GT-20260217-873735B','2026-02-17 13:36:04','2026-02-17 13:36:04');
INSERT INTO stock_movements VALUES(329,16,'sale',NULL,39,-40,0.5999999999999999778,24,940,900,'Shitje - Porosia #GT-20260217-873735B','2026-02-17 13:36:04','2026-02-17 13:36:04');
INSERT INTO stock_movements VALUES(330,43,'shortage',NULL,39,-16,NULL,NULL,0,0,'Mungesë stoku - Letër Salvete - Peceta/Letër -2 komplete -16cp','2026-02-17 13:36:04','2026-02-17 13:36:04');
INSERT INTO stock_movements VALUES(331,27,'shortage',NULL,39,-20,NULL,NULL,0,0,'Mungesë stoku - Pipëza Transparente për Pije (100Cp - Kompleti 20Cp) - Pipëza -1 komplete -20cp','2026-02-17 13:36:04','2026-02-17 13:36:04');
INSERT INTO stock_movements VALUES(332,28,'shortage',NULL,39,-20,NULL,NULL,0,0,'Mungesë stoku - Pipëza Te Zi për Pije (100Cp - Kompleti 20Cp) - Pipëza -1 komplete -20cp','2026-02-17 13:36:04','2026-02-17 13:36:04');
INSERT INTO stock_movements VALUES(333,29,'shortage',NULL,39,-20,NULL,NULL,0,0,'Mungesë stoku - Pipëza Color për Pije (100Cp - Kompleti 20Cp) - Pipëza -1 komplete -20cp','2026-02-17 13:36:04','2026-02-17 13:36:04');
INSERT INTO stock_movements VALUES(334,13,'sale',NULL,40,-20,0.2999999999999999889,6,360,340,'Shitje - Porosia #GT-20260217-029O9DE','2026-02-17 22:37:55','2026-02-17 22:37:55');
INSERT INTO stock_movements VALUES(335,37,'sale',NULL,41,-40,0.2700000000000000177,10.80000000000000072,360,320,'Shitje - Porosia #GT-20260217-496H8AO','2026-02-17 22:52:38','2026-02-17 22:52:38');
INSERT INTO stock_movements VALUES(336,38,'sale',NULL,41,-40,0.2999999999999999889,12,160,120,'Shitje - Porosia #GT-20260217-496H8AO','2026-02-17 22:52:38','2026-02-17 22:52:38');
INSERT INTO stock_movements VALUES(337,39,'sale',NULL,41,-20,0.3499999999999999778,7,260,240,'Shitje - Porosia #GT-20260217-496H8AO','2026-02-17 22:52:38','2026-02-17 22:52:38');
INSERT INTO stock_movements VALUES(338,40,'sale',NULL,41,-40,0.4299999999999999934,17.19999999999999929,760,720,'Shitje - Porosia #GT-20260217-496H8AO','2026-02-17 22:52:38','2026-02-17 22:52:38');
INSERT INTO stock_movements VALUES(339,35,'shortage',NULL,41,-50,NULL,NULL,0,0,'Mungesë stoku - Luga Kafe E Bardh 10cp Kompleti - Përzierës -5 komplete -50cp','2026-02-17 22:52:38','2026-02-17 22:52:38');
INSERT INTO stock_movements VALUES(340,4,'shortage',NULL,41,-60,NULL,NULL,0,0,'Mungesë stoku - Letër Kuzhine NUSH 2 Shtresa - Peceta/Letër -5 komplete -60cp','2026-02-17 22:52:38','2026-02-17 22:52:38');
INSERT INTO stock_movements VALUES(341,22,'shortage',NULL,41,-50,0.5999999999999999778,30,0,0,'Mungesë stoku - Mbulesë Tavoline LDP - Të Tjera -5 komplete -50cp','2026-02-17 22:52:38','2026-02-17 22:52:38');
INSERT INTO stock_movements VALUES(342,8,'sale',NULL,41,-40,0.1499999999999999945,6,360,320,'Shitje - Porosia #GT-20260217-496H8AO','2026-02-17 22:52:38','2026-02-17 22:52:38');
INSERT INTO stock_movements VALUES(343,9,'sale',NULL,41,-40,0.1700000000000000122,6.799999999999999823,340,300,'Shitje - Porosia #GT-20260217-496H8AO','2026-02-17 22:52:38','2026-02-17 22:52:38');
INSERT INTO stock_movements VALUES(344,10,'sale',NULL,41,-40,0.2000000000000000111,8,360,320,'Shitje - Porosia #GT-20260217-496H8AO','2026-02-17 22:52:38','2026-02-17 22:52:38');
INSERT INTO stock_movements VALUES(345,11,'sale',NULL,41,-40,0.2200000000000000011,8.800000000000000711,360,320,'Shitje - Porosia #GT-20260217-496H8AO','2026-02-17 22:52:38','2026-02-17 22:52:38');
INSERT INTO stock_movements VALUES(346,12,'sale',NULL,41,-40,0.2399999999999999912,9.59999999999999965,360,320,'Shitje - Porosia #GT-20260217-496H8AO','2026-02-17 22:52:38','2026-02-17 22:52:38');
INSERT INTO stock_movements VALUES(347,13,'sale',NULL,41,-40,0.2999999999999999889,12,320,280,'Shitje - Porosia #GT-20260217-496H8AO','2026-02-17 22:52:38','2026-02-17 22:52:38');
INSERT INTO stock_movements VALUES(348,14,'sale',NULL,41,-60,0.5,30,940,880,'Shitje - Porosia #GT-20260217-496H8AO','2026-02-17 22:52:38','2026-02-17 22:52:38');
INSERT INTO stock_movements VALUES(349,15,'sale',NULL,41,-60,0.5999999999999999778,36,940,880,'Shitje - Porosia #GT-20260217-496H8AO','2026-02-17 22:52:38','2026-02-17 22:52:38');
INSERT INTO stock_movements VALUES(350,16,'sale',NULL,41,-100,0.5999999999999999778,60,940,840,'Shitje - Porosia #GT-20260217-496H8AO','2026-02-17 22:52:38','2026-02-17 22:52:38');
INSERT INTO stock_movements VALUES(351,43,'shortage',NULL,41,-40,NULL,NULL,0,0,'Mungesë stoku - Letër Salvete - Peceta/Letër -5 komplete -40cp','2026-02-17 22:52:38','2026-02-17 22:52:38');
INSERT INTO stock_movements VALUES(352,27,'shortage',NULL,41,-20,NULL,NULL,0,0,'Mungesë stoku - Pipëza Transparente për Pije (100Cp - Kompleti 20Cp) - Pipëza -1 komplete -20cp','2026-02-17 22:52:38','2026-02-17 22:52:38');
INSERT INTO stock_movements VALUES(353,28,'shortage',NULL,41,-20,NULL,NULL,0,0,'Mungesë stoku - Pipëza Te Zi për Pije (100Cp - Kompleti 20Cp) - Pipëza -1 komplete -20cp','2026-02-17 22:52:38','2026-02-17 22:52:38');
INSERT INTO stock_movements VALUES(354,29,'shortage',NULL,41,-20,NULL,NULL,0,0,'Mungesë stoku - Pipëza Color për Pije (100Cp - Kompleti 20Cp) - Pipëza -1 komplete -20cp','2026-02-17 22:52:38','2026-02-17 22:52:38');
INSERT INTO stock_movements VALUES(355,37,'sale',NULL,42,-40,0.2700000000000000177,10.80000000000000072,240,200,'Shitje - Porosia #GT-20260217-628NVCF','2026-02-17 22:52:53','2026-02-17 22:52:53');
INSERT INTO stock_movements VALUES(356,38,'sale',NULL,42,-40,0.2999999999999999889,12,40,0,'Shitje - Porosia #GT-20260217-628NVCF','2026-02-17 22:52:53','2026-02-17 22:52:53');
INSERT INTO stock_movements VALUES(357,39,'sale',NULL,42,-20,0.3499999999999999778,7,160,140,'Shitje - Porosia #GT-20260217-628NVCF','2026-02-17 22:52:53','2026-02-17 22:52:53');
INSERT INTO stock_movements VALUES(358,40,'sale',NULL,42,-40,0.4299999999999999934,17.19999999999999929,640,600,'Shitje - Porosia #GT-20260217-628NVCF','2026-02-17 22:52:53','2026-02-17 22:52:53');
INSERT INTO stock_movements VALUES(359,35,'shortage',NULL,42,-50,NULL,NULL,0,0,'Mungesë stoku - Luga Kafe E Bardh 10cp Kompleti - Përzierës -5 komplete -50cp','2026-02-17 22:52:53','2026-02-17 22:52:53');
INSERT INTO stock_movements VALUES(360,4,'shortage',NULL,42,-60,NULL,NULL,0,0,'Mungesë stoku - Letër Kuzhine NUSH 2 Shtresa - Peceta/Letër -5 komplete -60cp','2026-02-17 22:52:53','2026-02-17 22:52:53');
INSERT INTO stock_movements VALUES(361,22,'shortage',NULL,42,-50,0.5999999999999999778,30,0,0,'Mungesë stoku - Mbulesë Tavoline LDP - Të Tjera -5 komplete -50cp','2026-02-17 22:52:53','2026-02-17 22:52:53');
INSERT INTO stock_movements VALUES(362,8,'sale',NULL,42,-40,0.1499999999999999945,6,280,240,'Shitje - Porosia #GT-20260217-628NVCF','2026-02-17 22:52:53','2026-02-17 22:52:53');
INSERT INTO stock_movements VALUES(363,9,'sale',NULL,42,-40,0.1700000000000000122,6.799999999999999823,260,220,'Shitje - Porosia #GT-20260217-628NVCF','2026-02-17 22:52:53','2026-02-17 22:52:53');
INSERT INTO stock_movements VALUES(364,10,'sale',NULL,42,-40,0.2000000000000000111,8,280,240,'Shitje - Porosia #GT-20260217-628NVCF','2026-02-17 22:52:53','2026-02-17 22:52:53');
INSERT INTO stock_movements VALUES(365,11,'sale',NULL,42,-40,0.2200000000000000011,8.800000000000000711,280,240,'Shitje - Porosia #GT-20260217-628NVCF','2026-02-17 22:52:53','2026-02-17 22:52:53');
INSERT INTO stock_movements VALUES(366,12,'sale',NULL,42,-40,0.2399999999999999912,9.59999999999999965,280,240,'Shitje - Porosia #GT-20260217-628NVCF','2026-02-17 22:52:53','2026-02-17 22:52:53');
INSERT INTO stock_movements VALUES(367,13,'sale',NULL,42,-40,0.2999999999999999889,12,280,240,'Shitje - Porosia #GT-20260217-628NVCF','2026-02-17 22:52:53','2026-02-17 22:52:53');
INSERT INTO stock_movements VALUES(368,14,'sale',NULL,42,-60,0.5,30,800,740,'Shitje - Porosia #GT-20260217-628NVCF','2026-02-17 22:52:53','2026-02-17 22:52:53');
INSERT INTO stock_movements VALUES(369,15,'sale',NULL,42,-60,0.5999999999999999778,36,800,740,'Shitje - Porosia #GT-20260217-628NVCF','2026-02-17 22:52:53','2026-02-17 22:52:53');
INSERT INTO stock_movements VALUES(370,16,'sale',NULL,42,-100,0.5999999999999999778,60,760,660,'Shitje - Porosia #GT-20260217-628NVCF','2026-02-17 22:52:53','2026-02-17 22:52:53');
INSERT INTO stock_movements VALUES(371,43,'shortage',NULL,42,-40,NULL,NULL,0,0,'Mungesë stoku - Letër Salvete - Peceta/Letër -5 komplete -40cp','2026-02-17 22:52:53','2026-02-17 22:52:53');
INSERT INTO stock_movements VALUES(372,27,'shortage',NULL,42,-20,NULL,NULL,0,0,'Mungesë stoku - Pipëza Transparente për Pije (100Cp - Kompleti 20Cp) - Pipëza -1 komplete -20cp','2026-02-17 22:52:53','2026-02-17 22:52:53');
INSERT INTO stock_movements VALUES(373,28,'shortage',NULL,42,-20,NULL,NULL,0,0,'Mungesë stoku - Pipëza Te Zi për Pije (100Cp - Kompleti 20Cp) - Pipëza -1 komplete -20cp','2026-02-17 22:52:53','2026-02-17 22:52:53');
INSERT INTO stock_movements VALUES(374,29,'shortage',NULL,42,-20,NULL,NULL,0,0,'Mungesë stoku - Pipëza Color për Pije (100Cp - Kompleti 20Cp) - Pipëza -1 komplete -20cp','2026-02-17 22:52:53','2026-02-17 22:52:53');
INSERT INTO stock_movements VALUES(375,8,'sale',NULL,43,-100,0.1499999999999999945,15,280,180,'Shitje - Porosia #GT-20260219-171AFZM','2026-02-19 06:56:58','2026-02-19 06:56:58');
INSERT INTO stock_movements VALUES(376,9,'sale',NULL,43,-100,0.1700000000000000122,17,260,160,'Shitje - Porosia #GT-20260219-171AFZM','2026-02-19 06:56:58','2026-02-19 06:56:58');
INSERT INTO stock_movements VALUES(377,10,'sale',NULL,43,-100,0.2000000000000000111,20,280,180,'Shitje - Porosia #GT-20260219-171AFZM','2026-02-19 06:56:58','2026-02-19 06:56:58');
INSERT INTO stock_movements VALUES(378,11,'sale',NULL,43,-100,0.2200000000000000011,22,280,180,'Shitje - Porosia #GT-20260219-171AFZM','2026-02-19 06:56:58','2026-02-19 06:56:58');
INSERT INTO stock_movements VALUES(379,12,'sale',NULL,43,-100,0.2399999999999999912,24,280,180,'Shitje - Porosia #GT-20260219-171AFZM','2026-02-19 06:56:58','2026-02-19 06:56:58');
INSERT INTO stock_movements VALUES(380,13,'sale',NULL,43,-100,0.2999999999999999889,30,280,180,'Shitje - Porosia #GT-20260219-171AFZM','2026-02-19 06:56:58','2026-02-19 06:56:58');
INSERT INTO stock_movements VALUES(381,14,'sale',NULL,43,-100,0.5,50,800,700,'Shitje - Porosia #GT-20260219-171AFZM','2026-02-19 06:56:58','2026-02-19 06:56:58');
INSERT INTO stock_movements VALUES(382,15,'sale',NULL,43,-100,0.5999999999999999778,60,800,700,'Shitje - Porosia #GT-20260219-171AFZM','2026-02-19 06:56:58','2026-02-19 06:56:58');
INSERT INTO stock_movements VALUES(383,16,'sale',NULL,43,-200,0.5999999999999999778,120,760,560,'Shitje - Porosia #GT-20260219-171AFZM','2026-02-19 06:56:58','2026-02-19 06:56:58');
INSERT INTO stock_movements VALUES(384,8,'sale',NULL,44,-100,0.1499999999999999945,15,140,40,'Shitje - Porosia #GT-20260219-070OOFM','2026-02-19 06:57:03','2026-02-19 06:57:03');
INSERT INTO stock_movements VALUES(385,9,'sale',NULL,44,-100,0.1700000000000000122,17,120,20,'Shitje - Porosia #GT-20260219-070OOFM','2026-02-19 06:57:03','2026-02-19 06:57:03');
INSERT INTO stock_movements VALUES(386,10,'sale',NULL,44,-100,0.2000000000000000111,20,140,40,'Shitje - Porosia #GT-20260219-070OOFM','2026-02-19 06:57:03','2026-02-19 06:57:03');
INSERT INTO stock_movements VALUES(387,11,'sale',NULL,44,-100,0.2200000000000000011,22,140,40,'Shitje - Porosia #GT-20260219-070OOFM','2026-02-19 06:57:03','2026-02-19 06:57:03');
INSERT INTO stock_movements VALUES(388,12,'sale',NULL,44,-100,0.2399999999999999912,24,140,40,'Shitje - Porosia #GT-20260219-070OOFM','2026-02-19 06:57:03','2026-02-19 06:57:03');
INSERT INTO stock_movements VALUES(389,13,'sale',NULL,44,-100,0.2999999999999999889,30,140,40,'Shitje - Porosia #GT-20260219-070OOFM','2026-02-19 06:57:03','2026-02-19 06:57:03');
INSERT INTO stock_movements VALUES(390,14,'sale',NULL,44,-100,0.5,50,640,540,'Shitje - Porosia #GT-20260219-070OOFM','2026-02-19 06:57:03','2026-02-19 06:57:03');
INSERT INTO stock_movements VALUES(391,15,'sale',NULL,44,-100,0.5999999999999999778,60,640,540,'Shitje - Porosia #GT-20260219-070OOFM','2026-02-19 06:57:03','2026-02-19 06:57:03');
INSERT INTO stock_movements VALUES(392,16,'sale',NULL,44,-200,0.5999999999999999778,120,460,260,'Shitje - Porosia #GT-20260219-070OOFM','2026-02-19 06:57:03','2026-02-19 06:57:03');
INSERT INTO stock_movements VALUES(393,8,'sale',NULL,45,-100,0.1499999999999999945,15,140,40,'Shitje - Porosia #GT-20260219-8705A41','2026-02-19 06:57:10','2026-02-19 06:57:10');
INSERT INTO stock_movements VALUES(394,9,'sale',NULL,45,-100,0.1700000000000000122,17,120,20,'Shitje - Porosia #GT-20260219-8705A41','2026-02-19 06:57:10','2026-02-19 06:57:10');
INSERT INTO stock_movements VALUES(395,10,'sale',NULL,45,-100,0.2000000000000000111,20,140,40,'Shitje - Porosia #GT-20260219-8705A41','2026-02-19 06:57:10','2026-02-19 06:57:10');
INSERT INTO stock_movements VALUES(396,11,'sale',NULL,45,-100,0.2200000000000000011,22,140,40,'Shitje - Porosia #GT-20260219-8705A41','2026-02-19 06:57:10','2026-02-19 06:57:10');
INSERT INTO stock_movements VALUES(397,12,'sale',NULL,45,-100,0.2399999999999999912,24,140,40,'Shitje - Porosia #GT-20260219-8705A41','2026-02-19 06:57:10','2026-02-19 06:57:10');
INSERT INTO stock_movements VALUES(398,13,'sale',NULL,45,-100,0.2999999999999999889,30,140,40,'Shitje - Porosia #GT-20260219-8705A41','2026-02-19 06:57:10','2026-02-19 06:57:10');
INSERT INTO stock_movements VALUES(399,14,'sale',NULL,45,-100,0.5,50,640,540,'Shitje - Porosia #GT-20260219-8705A41','2026-02-19 06:57:10','2026-02-19 06:57:10');
INSERT INTO stock_movements VALUES(400,15,'sale',NULL,45,-100,0.5999999999999999778,60,640,540,'Shitje - Porosia #GT-20260219-8705A41','2026-02-19 06:57:10','2026-02-19 06:57:10');
INSERT INTO stock_movements VALUES(401,16,'sale',NULL,45,-200,0.5999999999999999778,120,460,260,'Shitje - Porosia #GT-20260219-8705A41','2026-02-19 06:57:10','2026-02-19 06:57:10');
INSERT INTO stock_movements VALUES(402,8,'sale',NULL,46,-140,0.1499999999999999945,21,140,0,'Shitje - Porosia #GT-20260220-055WHHC','2026-02-20 22:58:28','2026-02-20 22:58:28');
INSERT INTO stock_movements VALUES(403,8,'shortage',NULL,46,-40,0.1499999999999999945,6,0,0,'Mungesë stoku - Kese Mbeturinash 40L - Mbeturina -2 komplete -40cp','2026-02-20 22:58:28','2026-02-20 22:58:28');
INSERT INTO stock_movements VALUES(404,9,'sale',NULL,46,-100,0.1700000000000000122,17,120,20,'Shitje - Porosia #GT-20260220-055WHHC','2026-02-20 22:58:28','2026-02-20 22:58:28');
INSERT INTO stock_movements VALUES(405,10,'sale',NULL,46,-100,0.2000000000000000111,20,140,40,'Shitje - Porosia #GT-20260220-055WHHC','2026-02-20 22:58:28','2026-02-20 22:58:28');
INSERT INTO stock_movements VALUES(406,11,'sale',NULL,46,-100,0.2200000000000000011,22,140,40,'Shitje - Porosia #GT-20260220-055WHHC','2026-02-20 22:58:28','2026-02-20 22:58:28');
INSERT INTO stock_movements VALUES(407,12,'sale',NULL,46,-100,0.2399999999999999912,24,140,40,'Shitje - Porosia #GT-20260220-055WHHC','2026-02-20 22:58:28','2026-02-20 22:58:28');
INSERT INTO stock_movements VALUES(408,16,'sale',NULL,46,-100,0.5999999999999999778,60,460,360,'Shitje - Porosia #GT-20260220-055WHHC','2026-02-20 22:58:28','2026-02-20 22:58:28');
INSERT INTO stock_movements VALUES(409,8,'shortage',NULL,47,-180,0.1499999999999999945,27,0,0,'Mungesë stoku - Kese Mbeturinash 40L - Mbeturina -9 komplete -180cp','2026-02-20 22:58:32','2026-02-20 22:58:32');
INSERT INTO stock_movements VALUES(410,9,'shortage',NULL,47,-100,0.1700000000000000122,17,0,0,'Mungesë stoku - Kese Mbeturinash 70L - Mbeturina -5 komplete -100cp','2026-02-20 22:58:32','2026-02-20 22:58:32');
INSERT INTO stock_movements VALUES(411,10,'shortage',NULL,47,-100,0.2000000000000000111,20,0,0,'Mungesë stoku - Kese Mbeturinash 120L - Mbeturina -5 komplete -100cp','2026-02-20 22:58:32','2026-02-20 22:58:32');
INSERT INTO stock_movements VALUES(412,11,'shortage',NULL,47,-100,0.2200000000000000011,22,0,0,'Mungesë stoku - Kese Mbeturinash 150L - Mbeturina -5 komplete -100cp','2026-02-20 22:58:32','2026-02-20 22:58:32');
INSERT INTO stock_movements VALUES(413,12,'shortage',NULL,47,-100,0.2399999999999999912,24,0,0,'Mungesë stoku - Kese Mbeturinash 170L - Mbeturina -5 komplete -100cp','2026-02-20 22:58:32','2026-02-20 22:58:32');
INSERT INTO stock_movements VALUES(414,16,'shortage',NULL,47,-100,0.5999999999999999778,60,0,0,'Mungesë stoku - Kese Mbeturinash 300L - Mbeturina -5 komplete -100cp','2026-02-20 22:58:32','2026-02-20 22:58:32');
INSERT INTO stock_movements VALUES(415,8,'shortage',NULL,48,-180,0.1499999999999999945,27,0,0,'Mungesë stoku - Kese Mbeturinash 40L - Mbeturina -9 komplete -180cp','2026-02-20 23:37:56','2026-02-20 23:37:56');
INSERT INTO stock_movements VALUES(416,9,'shortage',NULL,48,-100,0.1700000000000000122,17,0,0,'Mungesë stoku - Kese Mbeturinash 70L - Mbeturina -5 komplete -100cp','2026-02-20 23:37:56','2026-02-20 23:37:56');
INSERT INTO stock_movements VALUES(417,10,'shortage',NULL,48,-100,0.2000000000000000111,20,0,0,'Mungesë stoku - Kese Mbeturinash 120L - Mbeturina -5 komplete -100cp','2026-02-20 23:37:56','2026-02-20 23:37:56');
INSERT INTO stock_movements VALUES(418,11,'shortage',NULL,48,-100,0.2200000000000000011,22,0,0,'Mungesë stoku - Kese Mbeturinash 150L - Mbeturina -5 komplete -100cp','2026-02-20 23:37:56','2026-02-20 23:37:56');
INSERT INTO stock_movements VALUES(419,12,'shortage',NULL,48,-100,0.2399999999999999912,24,0,0,'Mungesë stoku - Kese Mbeturinash 170L - Mbeturina -5 komplete -100cp','2026-02-20 23:37:56','2026-02-20 23:37:56');
INSERT INTO stock_movements VALUES(420,16,'shortage',NULL,48,-100,0.5999999999999999778,60,0,0,'Mungesë stoku - Kese Mbeturinash 300L - Mbeturina -5 komplete -100cp','2026-02-20 23:37:56','2026-02-20 23:37:56');
INSERT INTO stock_movements VALUES(421,37,'sale',NULL,49,-80,0.2700000000000000177,21.60000000000000143,200,120,'Shitje - Porosia #GT-20260301-2107XXU','2026-03-01 18:40:03','2026-03-01 18:40:03');
INSERT INTO stock_movements VALUES(422,38,'shortage',NULL,49,-80,0.2999999999999999889,24,0,0,'Mungesë stoku - Gota Letre Per Kafe 3oz - Të Tjera -4 komplete -80cp','2026-03-01 18:40:03','2026-03-01 18:40:03');
INSERT INTO stock_movements VALUES(423,39,'sale',NULL,49,-80,0.3499999999999999778,28,140,60,'Shitje - Porosia #GT-20260301-2107XXU','2026-03-01 18:40:03','2026-03-01 18:40:03');
INSERT INTO stock_movements VALUES(424,40,'sale',NULL,49,-80,0.4299999999999999934,34.39999999999999858,600,520,'Shitje - Porosia #GT-20260301-2107XXU','2026-03-01 18:40:03','2026-03-01 18:40:03');
INSERT INTO stock_movements VALUES(425,37,'sale',NULL,50,-40,0.2700000000000000177,10.80000000000000072,120,80,'Shitje - Porosia #GT-20260302-062OQ21','2026-03-02 12:02:19','2026-03-02 12:02:19');
INSERT INTO stock_movements VALUES(426,38,'shortage',NULL,50,-40,0.2999999999999999889,12,0,0,'Mungesë stoku - Gota Letre Per Kafe 3oz - Të Tjera -2 komplete -40cp','2026-03-02 12:02:19','2026-03-02 12:02:19');
INSERT INTO stock_movements VALUES(427,39,'sale',NULL,50,-40,0.3499999999999999778,14,60,20,'Shitje - Porosia #GT-20260302-062OQ21','2026-03-02 12:02:19','2026-03-02 12:02:19');
CREATE TABLE IF NOT EXISTS "supplier_invoices" ("id" integer primary key autoincrement not null, "invoice_number" varchar not null, "supplier_id" integer not null, "stock_receipt_id" integer, "invoice_date" date not null, "due_date" date, "subtotal" numeric not null default '0', "has_vat" tinyint(1) not null default '0', "vat_rate" numeric not null default '18', "vat_amount" numeric not null default '0', "total_amount" numeric not null default '0', "status" varchar not null default 'pending', "paid_date" date, "notes" text, "created_at" datetime, "updated_at" datetime, "deleted_at" datetime, "deleted_reason" text, "restored_at" datetime, "restored_reason" text, "deleted_by" varchar, foreign key("supplier_id") references "suppliers"("id") on delete restrict, foreign key("stock_receipt_id") references "stock_receipts"("id") on delete set null);
INSERT INTO supplier_invoices VALUES(15,'SI-20251203-0001E221',1,17,'2025-11-29 00:00:00',NULL,652,0,0,0,652,'pending',NULL,'Faturë e krijuar automatikisht nga pranimi i mallit #SR-20251203-0002F248','2025-12-03 22:28:58','2025-12-03 22:28:58',NULL,NULL,NULL,NULL,NULL);
INSERT INTO supplier_invoices VALUES(22,'SI-20251206-0001A99C',2,24,'2025-12-06 00:00:00',NULL,3522,0,0,0,3522,'pending',NULL,'Faturë e krijuar automatikisht nga pranimi i mallit #SR-20251206-00013F5C','2025-12-06 08:52:25','2026-03-02 03:15:35','2026-03-02 03:15:35','Gabim në të dhëna',NULL,NULL,'Admin');
INSERT INTO supplier_invoices VALUES(23,'SI-20260302-0001B0EB',1,NULL,'2026-03-02 00:00:00',NULL,2080,1,18,374.3999999999999773,2454.40000000000009,'paid','2026-03-02 00:00:00',NULL,'2026-03-02 03:22:34','2026-03-02 03:22:34',NULL,NULL,NULL,NULL,NULL);
CREATE TABLE IF NOT EXISTS "stock_receipt_items" ("id" integer primary key autoincrement not null, "stock_receipt_id" integer not null, "product_id" integer not null, "quantity" numeric not null, "unit_cost" numeric not null, "total_cost" numeric not null, "notes" text, "created_at" datetime, "updated_at" datetime, "unit_type" varchar, foreign key("product_id") references products("id") on delete cascade on update no action, foreign key("stock_receipt_id") references stock_receipts("id") on delete cascade on update no action);
INSERT INTO stock_receipt_items VALUES(1,1,37,400,0.2099999999999999923,84,NULL,'2025-11-28 09:15:09','2025-11-28 09:15:09',NULL);
INSERT INTO stock_receipt_items VALUES(2,1,38,400,0.2800000000000000267,112,NULL,'2025-11-28 09:15:09','2025-11-28 09:15:09',NULL);
INSERT INTO stock_receipt_items VALUES(3,1,39,400,0.3499999999999999778,140,NULL,'2025-11-28 09:15:09','2025-11-28 09:15:09',NULL);
INSERT INTO stock_receipt_items VALUES(4,1,40,600,0.4299999999999999934,258,NULL,'2025-11-28 09:15:09','2025-11-28 09:15:09',NULL);
INSERT INTO stock_receipt_items VALUES(5,2,8,1000,0.1499999999999999945,150,NULL,'2025-11-28 09:22:53','2025-11-28 09:22:53',NULL);
INSERT INTO stock_receipt_items VALUES(6,2,9,1000,0.1700000000000000122,170,NULL,'2025-11-28 09:22:53','2025-11-28 09:22:53',NULL);
INSERT INTO stock_receipt_items VALUES(7,2,10,1000,0.2000000000000000111,200,NULL,'2025-11-28 09:22:53','2025-11-28 09:22:53',NULL);
INSERT INTO stock_receipt_items VALUES(8,2,11,1000,0.2200000000000000011,220,NULL,'2025-11-28 09:22:53','2025-11-28 09:22:53',NULL);
INSERT INTO stock_receipt_items VALUES(9,2,12,1000,0.2399999999999999912,240,NULL,'2025-11-28 09:22:53','2025-11-28 09:22:53',NULL);
INSERT INTO stock_receipt_items VALUES(10,2,13,1000,0.2999999999999999889,300,NULL,'2025-11-28 09:22:53','2025-11-28 09:22:53',NULL);
INSERT INTO stock_receipt_items VALUES(11,2,14,1000,0.4000000000000000222,400,NULL,'2025-11-28 09:22:53','2025-11-28 09:22:53',NULL);
INSERT INTO stock_receipt_items VALUES(12,2,15,1000,0.4000000000000000222,400,NULL,'2025-11-28 09:22:53','2025-11-28 09:22:53',NULL);
INSERT INTO stock_receipt_items VALUES(13,2,16,1000,0.4000000000000000222,400,NULL,'2025-11-28 09:22:53','2025-11-28 09:22:53',NULL);
INSERT INTO stock_receipt_items VALUES(14,3,16,100,0.4000000000000000222,40,NULL,'2025-11-28 11:46:50','2025-11-28 11:46:50',NULL);
INSERT INTO stock_receipt_items VALUES(15,4,37,80,0.2099999999999999923,16.80000000000000071,NULL,'2025-11-29 05:05:09','2025-11-29 05:05:09',NULL);
INSERT INTO stock_receipt_items VALUES(16,4,38,100,0.2800000000000000267,28,NULL,'2025-11-29 05:05:09','2025-11-29 05:05:09',NULL);
INSERT INTO stock_receipt_items VALUES(17,4,39,80,0.3499999999999999778,28,NULL,'2025-11-29 05:05:09','2025-11-29 05:05:09',NULL);
INSERT INTO stock_receipt_items VALUES(18,4,40,160,0.4299999999999999934,68.79999999999999716,NULL,'2025-11-29 05:05:09','2025-11-29 05:05:09',NULL);
INSERT INTO stock_receipt_items VALUES(19,5,41,12,3.200000000000000177,38.39999999999999858,NULL,'2025-11-29 05:09:02','2025-11-29 05:09:02',NULL);
INSERT INTO stock_receipt_items VALUES(20,5,3,24,3.799999999999999823,91.20000000000000284,NULL,'2025-11-29 05:09:02','2025-11-29 05:09:02',NULL);
INSERT INTO stock_receipt_items VALUES(21,6,37,400,0.2700000000000000177,108,NULL,'2025-11-29 14:06:52','2025-11-29 14:06:52',NULL);
INSERT INTO stock_receipt_items VALUES(22,6,38,100,0.2999999999999999889,30,NULL,'2025-11-29 14:06:52','2025-11-29 14:06:52',NULL);
INSERT INTO stock_receipt_items VALUES(23,6,39,200,0.3499999999999999778,70,NULL,'2025-11-29 14:06:52','2025-11-29 14:06:52',NULL);
INSERT INTO stock_receipt_items VALUES(24,6,40,600,0.4299999999999999934,258,NULL,'2025-11-29 14:06:52','2025-11-29 14:06:52',NULL);
INSERT INTO stock_receipt_items VALUES(25,7,37,400,0.2700000000000000177,108,NULL,'2025-11-29 14:10:54','2025-11-29 14:10:54',NULL);
INSERT INTO stock_receipt_items VALUES(26,7,38,100,0.2999999999999999889,30,NULL,'2025-11-29 14:10:54','2025-11-29 14:10:54',NULL);
INSERT INTO stock_receipt_items VALUES(27,7,39,400,0.3499999999999999778,140,NULL,'2025-11-29 14:10:54','2025-11-29 14:10:54',NULL);
INSERT INTO stock_receipt_items VALUES(28,7,40,600,0.4299999999999999934,258,NULL,'2025-11-29 14:10:54','2025-11-29 14:10:54',NULL);
INSERT INTO stock_receipt_items VALUES(29,8,37,40,0.2700000000000000177,10.80000000000000072,NULL,'2025-11-29 22:56:35','2025-11-29 22:56:35',NULL);
INSERT INTO stock_receipt_items VALUES(30,9,37,400,0.2700000000000000177,108,NULL,'2025-11-29 22:58:45','2025-11-29 22:58:45',NULL);
INSERT INTO stock_receipt_items VALUES(31,9,38,200,0.2999999999999999889,60,NULL,'2025-11-29 22:58:45','2025-11-29 22:58:45',NULL);
INSERT INTO stock_receipt_items VALUES(32,9,39,400,0.3499999999999999778,140,NULL,'2025-11-29 22:58:45','2025-11-29 22:58:45',NULL);
INSERT INTO stock_receipt_items VALUES(33,9,40,800,0.4299999999999999934,344,NULL,'2025-11-29 22:58:45','2025-11-29 22:58:45',NULL);
INSERT INTO stock_receipt_items VALUES(34,10,8,200,0.1499999999999999945,30,NULL,'2025-11-30 00:08:20','2025-11-30 00:08:20',NULL);
INSERT INTO stock_receipt_items VALUES(35,10,9,300,0.1700000000000000122,51,NULL,'2025-11-30 00:08:20','2025-11-30 00:08:20',NULL);
INSERT INTO stock_receipt_items VALUES(36,10,10,300,0.2000000000000000111,60,NULL,'2025-11-30 00:08:20','2025-11-30 00:08:20',NULL);
INSERT INTO stock_receipt_items VALUES(37,10,11,350,0.2200000000000000011,77,NULL,'2025-11-30 00:08:20','2025-11-30 00:08:20',NULL);
INSERT INTO stock_receipt_items VALUES(38,10,12,350,0.2399999999999999912,84,NULL,'2025-11-30 00:08:20','2025-11-30 00:08:20',NULL);
INSERT INTO stock_receipt_items VALUES(39,10,13,300,0.2999999999999999889,90,NULL,'2025-11-30 00:08:20','2025-11-30 00:08:20',NULL);
INSERT INTO stock_receipt_items VALUES(40,10,14,400,0.4000000000000000222,160,NULL,'2025-11-30 00:08:20','2025-11-30 00:08:20',NULL);
INSERT INTO stock_receipt_items VALUES(41,10,15,600,0.4000000000000000222,240,NULL,'2025-11-30 00:08:20','2025-11-30 00:08:20',NULL);
INSERT INTO stock_receipt_items VALUES(42,10,16,1000,0.4000000000000000222,400,NULL,'2025-11-30 00:08:20','2025-11-30 00:08:20',NULL);
INSERT INTO stock_receipt_items VALUES(43,11,8,250,0.1499999999999999945,37.5,NULL,'2025-11-30 15:02:06','2025-11-30 15:02:06',NULL);
INSERT INTO stock_receipt_items VALUES(44,11,9,250,0.1700000000000000122,42.5,NULL,'2025-11-30 15:02:06','2025-11-30 15:02:06',NULL);
INSERT INTO stock_receipt_items VALUES(45,11,10,250,0.2000000000000000111,50,NULL,'2025-11-30 15:02:06','2025-11-30 15:02:06',NULL);
INSERT INTO stock_receipt_items VALUES(46,11,14,600,0.4000000000000000222,240,NULL,'2025-11-30 15:02:06','2025-11-30 15:02:06',NULL);
INSERT INTO stock_receipt_items VALUES(47,11,15,600,0.4299999999999999934,258,NULL,'2025-11-30 15:02:06','2025-11-30 15:02:06',NULL);
INSERT INTO stock_receipt_items VALUES(48,11,16,1000,0.4500000000000000111,450,NULL,'2025-11-30 15:02:06','2025-11-30 15:02:06',NULL);
INSERT INTO stock_receipt_items VALUES(49,12,8,200,0.1499999999999999945,30,NULL,'2025-11-30 15:15:03','2025-11-30 15:15:03',NULL);
INSERT INTO stock_receipt_items VALUES(50,13,14,500,0.4000000000000000222,200,NULL,'2025-11-30 15:46:10','2025-11-30 15:46:10','kg');
INSERT INTO stock_receipt_items VALUES(51,14,8,200,0.1499999999999999945,30,NULL,'2025-12-01 04:31:42','2025-12-01 04:31:42','kg');
INSERT INTO stock_receipt_items VALUES(52,14,9,200,0.1700000000000000122,34,NULL,'2025-12-01 04:31:42','2025-12-01 04:31:42','kg');
INSERT INTO stock_receipt_items VALUES(53,14,10,200,0.2000000000000000111,40,NULL,'2025-12-01 04:31:42','2025-12-01 04:31:42','kg');
INSERT INTO stock_receipt_items VALUES(54,14,11,200,0.2200000000000000011,44,NULL,'2025-12-01 04:31:42','2025-12-01 04:31:42','kg');
INSERT INTO stock_receipt_items VALUES(55,14,12,300,0.2399999999999999912,72,NULL,'2025-12-01 04:31:42','2025-12-01 04:31:42','kg');
INSERT INTO stock_receipt_items VALUES(56,14,16,300,0.4500000000000000111,135,NULL,'2025-12-01 04:31:42','2025-12-01 04:31:42','kg');
INSERT INTO stock_receipt_items VALUES(57,14,14,200,0.4000000000000000222,80,NULL,'2025-12-01 04:31:42','2025-12-01 04:31:42','package');
INSERT INTO stock_receipt_items VALUES(58,14,15,400,0.4299999999999999934,172,NULL,'2025-12-01 04:31:42','2025-12-01 04:31:42','package');
INSERT INTO stock_receipt_items VALUES(59,14,16,600,0.4500000000000000111,270,NULL,'2025-12-01 04:31:42','2025-12-01 04:31:42','package');
INSERT INTO stock_receipt_items VALUES(60,15,37,400,0.2700000000000000177,108,NULL,'2025-12-02 08:41:42','2025-12-02 08:41:42',NULL);
INSERT INTO stock_receipt_items VALUES(61,15,38,200,0.2999999999999999889,60,NULL,'2025-12-02 08:41:42','2025-12-02 08:41:42',NULL);
INSERT INTO stock_receipt_items VALUES(62,15,39,400,0.3499999999999999778,140,NULL,'2025-12-02 08:41:42','2025-12-02 08:41:42',NULL);
INSERT INTO stock_receipt_items VALUES(63,15,40,800,0.4299999999999999934,344,NULL,'2025-12-02 08:41:42','2025-12-02 08:41:42',NULL);
INSERT INTO stock_receipt_items VALUES(64,16,40,800,0.4299999999999999934,344,NULL,'2025-12-03 21:38:49','2025-12-03 21:38:49',NULL);
INSERT INTO stock_receipt_items VALUES(65,17,37,400,0.2700000000000000177,108,NULL,'2025-12-03 22:28:58','2025-12-03 22:28:58',NULL);
INSERT INTO stock_receipt_items VALUES(66,17,38,200,0.2999999999999999889,60,NULL,'2025-12-03 22:28:58','2025-12-03 22:28:58',NULL);
INSERT INTO stock_receipt_items VALUES(67,17,39,400,0.3499999999999999778,140,NULL,'2025-12-03 22:28:58','2025-12-03 22:28:58',NULL);
INSERT INTO stock_receipt_items VALUES(68,17,40,800,0.4299999999999999934,344,NULL,'2025-12-03 22:28:58','2025-12-03 22:28:58',NULL);
INSERT INTO stock_receipt_items VALUES(69,18,15,400,0.5999999999999999778,240,NULL,'2025-12-03 22:39:44','2025-12-03 22:39:44','package');
INSERT INTO stock_receipt_items VALUES(70,18,16,400,0.5999999999999999778,240,NULL,'2025-12-03 22:39:44','2025-12-03 22:39:44','package');
INSERT INTO stock_receipt_items VALUES(71,19,16,200,0.5999999999999999778,120,NULL,'2025-12-03 23:14:15','2025-12-03 23:14:15','package');
INSERT INTO stock_receipt_items VALUES(72,20,13,200,0.2999999999999999889,60,NULL,'2025-12-04 04:19:53','2025-12-04 04:19:53','package');
INSERT INTO stock_receipt_items VALUES(73,21,14,400,0.5,200,NULL,'2025-12-04 04:36:38','2025-12-04 04:36:38','cp');
INSERT INTO stock_receipt_items VALUES(74,22,8,100,1.449999999999999956,145,NULL,'2025-12-04 04:44:15','2025-12-04 04:44:15','kg');
INSERT INTO stock_receipt_items VALUES(75,23,16,600,0.5999999999999999778,360,NULL,'2025-12-04 04:45:18','2025-12-04 04:45:18','cp');
INSERT INTO stock_receipt_items VALUES(76,24,8,400,0.1499999999999999945,60,NULL,'2025-12-06 08:52:25','2025-12-06 08:52:25','cp');
INSERT INTO stock_receipt_items VALUES(77,24,9,400,0.1700000000000000122,68,NULL,'2025-12-06 08:52:25','2025-12-06 08:52:25','cp');
INSERT INTO stock_receipt_items VALUES(78,24,10,400,0.2000000000000000111,80,NULL,'2025-12-06 08:52:25','2025-12-06 08:52:25','cp');
INSERT INTO stock_receipt_items VALUES(79,24,11,400,0.2200000000000000011,88,NULL,'2025-12-06 08:52:25','2025-12-06 08:52:25','cp');
INSERT INTO stock_receipt_items VALUES(80,24,12,400,0.2399999999999999912,96,NULL,'2025-12-06 08:52:25','2025-12-06 08:52:25','cp');
INSERT INTO stock_receipt_items VALUES(81,24,13,400,0.2999999999999999889,120,NULL,'2025-12-06 08:52:25','2025-12-06 08:52:25','cp');
INSERT INTO stock_receipt_items VALUES(82,24,14,1000,0.5,500,NULL,'2025-12-06 08:52:25','2025-12-06 08:52:25','cp');
INSERT INTO stock_receipt_items VALUES(83,24,15,1000,0.5999999999999999778,600,NULL,'2025-12-06 08:52:25','2025-12-06 08:52:25','cp');
INSERT INTO stock_receipt_items VALUES(84,24,16,1000,0.5999999999999999778,600,NULL,'2025-12-06 08:52:25','2025-12-06 08:52:25','cp');
CREATE TABLE IF NOT EXISTS "supplier_invoice_items" ("id" integer primary key autoincrement not null, "supplier_invoice_id" integer not null, "product_id" integer, "product_name" varchar not null, "quantity" numeric not null, "unit_price" numeric not null, "total_price" numeric not null, "notes" text, "created_at" datetime, "updated_at" datetime, "unit_type" varchar, foreign key("product_id") references products("id") on delete set null on update no action, foreign key("supplier_invoice_id") references supplier_invoices("id") on delete cascade on update no action);
INSERT INTO supplier_invoice_items VALUES(52,15,37,'Gota Letre Per Kafe 2.5oz',10,10.80000000000000072,108,NULL,'2025-12-03 22:28:58','2025-12-03 22:28:58','package');
INSERT INTO supplier_invoice_items VALUES(53,15,38,'Gota Letre Per Kafe 3oz',10,6,60,NULL,'2025-12-03 22:28:58','2025-12-03 22:28:58','package');
INSERT INTO supplier_invoice_items VALUES(54,15,39,'Gota Letre Per Kafe 4oz',20,7,140,NULL,'2025-12-03 22:28:58','2025-12-03 22:28:58','package');
INSERT INTO supplier_invoice_items VALUES(55,15,40,'Gota Letre Per Kafe 7oz',40,8.599999999999999645,344,NULL,'2025-12-03 22:28:58','2025-12-03 22:28:58','package');
INSERT INTO supplier_invoice_items VALUES(74,23,37,'Gota Letre Per Kafe 2.5oz',1000,0.2700000000000000177,270,NULL,'2026-03-02 03:22:34','2026-03-02 03:22:34',NULL);
INSERT INTO supplier_invoice_items VALUES(75,23,38,'Gota Letre Per Kafe 3oz',2000,0.2999999999999999889,600,NULL,'2026-03-02 03:22:34','2026-03-02 03:22:34',NULL);
INSERT INTO supplier_invoice_items VALUES(76,23,39,'Gota Letre Per Kafe 4oz',1000,0.3499999999999999778,350,NULL,'2026-03-02 03:22:34','2026-03-02 03:22:34',NULL);
INSERT INTO supplier_invoice_items VALUES(77,23,40,'Gota Letre Per Kafe 7oz',2000,0.4299999999999999934,860,NULL,'2026-03-02 03:22:34','2026-03-02 03:22:34',NULL);
CREATE TABLE IF NOT EXISTS "client_locations" ("id" integer primary key autoincrement not null, "client_id" integer not null, "unit_name" varchar not null, "street_number" varchar, "phone" varchar, "viber" varchar, "notes" text, "is_active" tinyint(1) not null default '1', "created_at" datetime, "updated_at" datetime, "deleted_at" datetime, foreign key("client_id") references "clients"("id") on delete cascade);
INSERT INTO client_locations VALUES(1,8,'Pika 3','Ruga Adem Ademi','044565676',NULL,'Lipijan',1,'2025-12-05 19:34:37','2025-12-05 19:47:33','2025-12-05 19:47:33');
INSERT INTO client_locations VALUES(2,8,'Pika 1','Rruga Rexhep Bislimi','044557788',NULL,'Ferizaj',1,'2025-12-05 19:35:45','2025-12-05 19:47:33','2025-12-05 19:47:33');
INSERT INTO client_locations VALUES(3,8,'Pika 1','Rruga Rexhep Bislimi','044121212','+383121212','Ferizaj',1,'2025-12-05 19:47:33','2025-12-05 19:47:33',NULL);
INSERT INTO client_locations VALUES(4,8,'Pika 2','Rruga Joe Biden','044223322','+44223322','Ferizaj',1,'2025-12-05 19:47:33','2025-12-05 19:47:33',NULL);
INSERT INTO client_locations VALUES(5,8,'Pika 3','Rruga Hasan Ilazi','044558998','+44558998','Prishtine',1,'2025-12-05 19:47:33','2025-12-05 19:47:33',NULL);
INSERT INTO client_locations VALUES(6,8,'Pika 4','Rruga Sami Beka','044446677','+44446677','Lipjan',1,'2025-12-05 19:47:33','2025-12-05 19:47:33',NULL);
INSERT INTO client_locations VALUES(7,8,'Pika 5','Rruga Sadri Beqaj','048771133','+48771133','Shtime',1,'2025-12-05 19:47:33','2025-12-05 19:47:33',NULL);
INSERT INTO client_locations VALUES(8,14,'Darani','Joe Biden',NULL,NULL,'Dardani-Ferizaj',1,'2026-03-01 18:35:25','2026-03-01 18:35:25',NULL);
CREATE TABLE IF NOT EXISTS "orders" ("id" integer primary key autoincrement not null, "client_id" integer, "order_number" varchar not null, "customer_name" varchar not null, "business_name" varchar not null, "city" varchar not null, "phone" varchar, "viber" varchar, "total_items" integer not null default ('0'), "total_amount" numeric, "summary" text, "status" varchar not null default ('ruajtur'), "created_at" datetime, "updated_at" datetime, "is_paid" tinyint(1) not null default ('0'), "paid_at" datetime, "subtotal" numeric, "discount_amount" numeric not null default ('0'), "discount_type" varchar, "discount_value" numeric, "fiscal_number" varchar, "has_vat" tinyint(1) not null default ('0'), "vat_amount" numeric, "amount_before_vat" numeric, "deleted_at" datetime, "client_location_id" integer, "location_unit_name" varchar, "location_street_number" varchar, "location_phone" varchar, "location_viber" varchar, "location_city" varchar, foreign key("client_id") references clients("id") on delete set null on update no action, foreign key("client_location_id") references "client_locations"("id") on delete set null);
INSERT INTO orders VALUES(13,NULL,'GT-20251128-002ZG8Y','Eliab','Eli-Ab Sh.p.k','Ferizaj','044123432','044123432',192,NULL,'{"items":[{"product_id":37,"name":"Gota Letre Per Kafe 2.5oz","quantity":5,"sold_by_package":true,"pieces_per_package":40,"unit_price":null,"total_price":null,"discount_amount":0,"discount_type":null,"discount_value":0},{"product_id":38,"name":"Gota Letre Per Kafe 3oz","quantity":10,"sold_by_package":true,"pieces_per_package":20,"unit_price":null,"total_price":null,"discount_amount":0,"discount_type":null,"discount_value":0},{"product_id":39,"name":"Gota Letre Per Kafe 4oz","quantity":5,"sold_by_package":true,"pieces_per_package":40,"unit_price":null,"total_price":null,"discount_amount":0,"discount_type":null,"discount_value":0},{"product_id":40,"name":"Gota Letre Per Kafe 7oz","quantity":10,"sold_by_package":true,"pieces_per_package":20,"unit_price":null,"total_price":null,"discount_amount":0,"discount_type":null,"discount_value":0},{"product_id":35,"name":"Luga Kafe E Bardh 10cp Kompleti","quantity":20,"sold_by_package":true,"pieces_per_package":10,"unit_price":null,"total_price":null,"discount_amount":0,"discount_type":null,"discount_value":0},{"product_id":3,"name":"Folie Alumini 9 Micron","quantity":60,"sold_by_package":false,"pieces_per_package":null,"unit_price":null,"total_price":null,"discount_amount":0,"discount_type":null,"discount_value":0},{"product_id":4,"name":"Let\u00ebr Kuzhine NUSH 2 Shtresa","quantity":10,"sold_by_package":true,"pieces_per_package":12,"unit_price":null,"total_price":null,"discount_amount":0,"discount_type":null,"discount_value":0},{"product_id":8,"name":"Kese Mbeturinash 40L","quantity":5,"sold_by_package":true,"pieces_per_package":20,"unit_price":null,"total_price":null,"discount_amount":0,"discount_type":null,"discount_value":0},{"product_id":9,"name":"Kese Mbeturinash 70L","quantity":5,"sold_by_package":true,"pieces_per_package":20,"unit_price":null,"total_price":null,"discount_amount":0,"discount_type":null,"discount_value":0},{"product_id":10,"name":"Kese Mbeturinash 120L","quantity":5,"sold_by_package":true,"pieces_per_package":20,"unit_price":null,"total_price":null,"discount_amount":0,"discount_type":null,"discount_value":0},{"product_id":11,"name":"Kese Mbeturinash 150L","quantity":5,"sold_by_package":true,"pieces_per_package":20,"unit_price":null,"total_price":null,"discount_amount":0,"discount_type":null,"discount_value":0},{"product_id":12,"name":"Kese Mbeturinash 170L","quantity":5,"sold_by_package":true,"pieces_per_package":20,"unit_price":null,"total_price":null,"discount_amount":0,"discount_type":null,"discount_value":0},{"product_id":13,"name":"Kese Mbeturinash 200L","quantity":5,"sold_by_package":true,"pieces_per_package":20,"unit_price":null,"total_price":null,"discount_amount":0,"discount_type":null,"discount_value":0},{"product_id":14,"name":"Kese Mbeturinash 240L","quantity":10,"sold_by_package":true,"pieces_per_package":20,"unit_price":null,"total_price":null,"discount_amount":0,"discount_type":null,"discount_value":0},{"product_id":15,"name":"Kese Mbeturinash 270L","quantity":10,"sold_by_package":true,"pieces_per_package":20,"unit_price":null,"total_price":null,"discount_amount":0,"discount_type":null,"discount_value":0},{"product_id":16,"name":"Kese Mbeturinash 300L","quantity":10,"sold_by_package":true,"pieces_per_package":20,"unit_price":null,"total_price":null,"discount_amount":0,"discount_type":null,"discount_value":0},{"product_id":17,"name":"Kese Mbeturinash 70L ME LIDHSE","quantity":3,"sold_by_package":true,"pieces_per_package":20,"unit_price":null,"total_price":null,"discount_amount":0,"discount_type":null,"discount_value":0},{"product_id":18,"name":"Kese Mbeturinash 120L ME LIDHSE","quantity":3,"sold_by_package":true,"pieces_per_package":20,"unit_price":null,"total_price":null,"discount_amount":0,"discount_type":null,"discount_value":0},{"product_id":19,"name":"Kese Mbeturinash 200L ME LIDHSE","quantity":3,"sold_by_package":true,"pieces_per_package":20,"unit_price":null,"total_price":null,"discount_amount":0,"discount_type":null,"discount_value":0},{"product_id":20,"name":"Kese Mbeturinash 220L ME LIDHSE","quantity":3,"sold_by_package":true,"pieces_per_package":20,"unit_price":null,"total_price":null,"discount_amount":0,"discount_type":null,"discount_value":0}],"totals":{"total_items":192,"subtotal":0,"discount_amount":0,"discount_type":null,"discount_value":0,"total_amount":null}}','ruajtur','2025-11-28 07:10:06','2025-12-02 05:05:14',1,'2025-11-28 07:10:06',0,0,NULL,0,'80008000',1,NULL,NULL,NULL,NULL,NULL,NULL,NULL,NULL,NULL);
INSERT INTO orders VALUES(35,8,'GT-20251207-820UJ1D','Eliab','Eli-Ab Sh.p.k','Ferizaj','044123432','044123432',5,80,'{"items":[{"product_id":39,"name":"Gota Letre Per Kafe 4oz","quantity":5,"sold_by_package":true,"pieces_per_package":20,"unit_price":"0.80","total_price":80,"discount_amount":0,"discount_type":null,"discount_value":0}],"totals":{"total_items":5,"subtotal":80,"discount_amount":0,"discount_type":null,"discount_value":0,"total_amount":80}}','ruajtur','2025-12-07 22:24:51','2025-12-07 22:24:51',0,NULL,80,0,NULL,0,'80008000',1,12.20349324994299955,67.79650675005700577,NULL,7,NULL,NULL,NULL,NULL,NULL);
INSERT INTO orders VALUES(36,2,'GT-20260216-3407E3E','811409300','Te Liridoni Sh.p.k','Ferizaj','+38344111222','+38344111222',10,94.4000000000000056,'{"items":[{"product_id":9,"name":"Kese Mbeturinash 70L","quantity":2,"sold_by_package":true,"pieces_per_package":20,"unit_price":"0.25","total_price":10,"discount_amount":0,"discount_type":null,"discount_value":0},{"product_id":8,"name":"Kese Mbeturinash 40L","quantity":1,"sold_by_package":true,"pieces_per_package":20,"unit_price":"0.22","total_price":4.4,"discount_amount":0,"discount_type":null,"discount_value":0},{"product_id":10,"name":"Kese Mbeturinash 120L","quantity":1,"sold_by_package":true,"pieces_per_package":20,"unit_price":"0.35","total_price":7,"discount_amount":0,"discount_type":null,"discount_value":0},{"product_id":11,"name":"Kese Mbeturinash 150L","quantity":1,"sold_by_package":true,"pieces_per_package":20,"unit_price":"0.42","total_price":8.4,"discount_amount":0,"discount_type":null,"discount_value":0},{"product_id":12,"name":"Kese Mbeturinash 170L","quantity":1,"sold_by_package":true,"pieces_per_package":20,"unit_price":"0.53","total_price":10.600000000000001,"discount_amount":0,"discount_type":null,"discount_value":0},{"product_id":13,"name":"Kese Mbeturinash 200L","quantity":1,"sold_by_package":true,"pieces_per_package":20,"unit_price":"0.60","total_price":12,"discount_amount":0,"discount_type":null,"discount_value":0},{"product_id":14,"name":"Kese Mbeturinash 240L","quantity":1,"sold_by_package":true,"pieces_per_package":20,"unit_price":"0.70","total_price":14,"discount_amount":0,"discount_type":null,"discount_value":0},{"product_id":15,"name":"Kese Mbeturinash 270L","quantity":1,"sold_by_package":true,"pieces_per_package":20,"unit_price":"0.70","total_price":14,"discount_amount":0,"discount_type":null,"discount_value":0},{"product_id":16,"name":"Kese Mbeturinash 300L","quantity":1,"sold_by_package":true,"pieces_per_package":20,"unit_price":"0.70","total_price":14,"discount_amount":0,"discount_type":null,"discount_value":0}],"totals":{"total_items":10,"subtotal":94.4,"discount_amount":0,"discount_type":null,"discount_value":0,"total_amount":94.4}}','ruajtur','2026-02-16 13:06:12','2026-02-16 13:06:12',0,NULL,94.4000000000000056,0,NULL,0,'811409300',0,NULL,NULL,NULL,NULL,NULL,NULL,NULL,NULL,NULL);
INSERT INTO orders VALUES(37,10,'GT-20260217-831NSAF','Gjiganti','Euro Gjiganit L.L.C','Ferizaj',NULL,NULL,30,279.8000000000000113,'{"items":[{"product_id":37,"name":"Gota Letre Per Kafe 2.5oz","quantity":1,"sold_by_package":true,"pieces_per_package":40,"unit_price":"0.38","total_price":15.2,"discount_amount":0,"discount_type":null,"discount_value":0},{"product_id":38,"name":"Gota Letre Per Kafe 3oz","quantity":2,"sold_by_package":true,"pieces_per_package":20,"unit_price":"0.40","total_price":16,"discount_amount":0,"discount_type":null,"discount_value":0},{"product_id":39,"name":"Gota Letre Per Kafe 4oz","quantity":2,"sold_by_package":true,"pieces_per_package":20,"unit_price":"0.45","total_price":18,"discount_amount":0,"discount_type":null,"discount_value":0},{"product_id":40,"name":"Gota Letre Per Kafe 7oz","quantity":2,"sold_by_package":true,"pieces_per_package":20,"unit_price":"0.48","total_price":19.2,"discount_amount":0,"discount_type":null,"discount_value":0},{"product_id":35,"name":"Luga Kafe E Bardh 10cp Kompleti","quantity":3,"sold_by_package":true,"pieces_per_package":10,"unit_price":"0.65","total_price":19.5,"discount_amount":0,"discount_type":null,"discount_value":0},{"product_id":4,"name":"Let\u00ebr Kuzhine NUSH 2 Shtresa","quantity":2,"sold_by_package":true,"pieces_per_package":12,"unit_price":"0.65","total_price":15.600000000000001,"discount_amount":0,"discount_type":null,"discount_value":0},{"product_id":22,"name":"Mbules\u00eb Tavoline LDP","quantity":1,"sold_by_package":true,"pieces_per_package":10,"unit_price":"0.75","total_price":7.5,"discount_amount":0,"discount_type":null,"discount_value":0},{"product_id":8,"name":"Kese Mbeturinash 40L","quantity":1,"sold_by_package":true,"pieces_per_package":20,"unit_price":"0.24","total_price":4.8,"discount_amount":0,"discount_type":null,"discount_value":0},{"product_id":9,"name":"Kese Mbeturinash 70L","quantity":1,"sold_by_package":true,"pieces_per_package":20,"unit_price":"0.27","total_price":5.4,"discount_amount":0,"discount_type":null,"discount_value":0},{"product_id":10,"name":"Kese Mbeturinash 120L","quantity":1,"sold_by_package":true,"pieces_per_package":20,"unit_price":"0.37","total_price":7.4,"discount_amount":0,"discount_type":null,"discount_value":0},{"product_id":11,"name":"Kese Mbeturinash 150L","quantity":1,"sold_by_package":true,"pieces_per_package":20,"unit_price":"0.45","total_price":9,"discount_amount":0,"discount_type":null,"discount_value":0},{"product_id":12,"name":"Kese Mbeturinash 170L","quantity":1,"sold_by_package":true,"pieces_per_package":20,"unit_price":"0.54","total_price":10.8,"discount_amount":0,"discount_type":null,"discount_value":0},{"product_id":13,"name":"Kese Mbeturinash 200L","quantity":1,"sold_by_package":true,"pieces_per_package":20,"unit_price":"0.60","total_price":12,"discount_amount":0,"discount_type":null,"discount_value":0},{"product_id":14,"name":"Kese Mbeturinash 240L","quantity":2,"sold_by_package":true,"pieces_per_package":20,"unit_price":"0.70","total_price":28,"discount_amount":0,"discount_type":null,"discount_value":0},{"product_id":15,"name":"Kese Mbeturinash 270L","quantity":2,"sold_by_package":true,"pieces_per_package":20,"unit_price":"0.73","total_price":29.2,"discount_amount":0,"discount_type":null,"discount_value":0},{"product_id":16,"name":"Kese Mbeturinash 300L","quantity":2,"sold_by_package":true,"pieces_per_package":20,"unit_price":"0.73","total_price":29.2,"discount_amount":0,"discount_type":null,"discount_value":0},{"product_id":43,"name":"Let\u00ebr Salvete","quantity":2,"sold_by_package":true,"pieces_per_package":8,"unit_price":null,"total_price":null,"discount_amount":0,"discount_type":null,"discount_value":0},{"product_id":27,"name":"Pip\u00ebza Transparente p\u00ebr Pije (100Cp - Kompleti 20Cp)","quantity":1,"sold_by_package":true,"pieces_per_package":20,"unit_price":"0.55","total_price":11,"discount_amount":0,"discount_type":null,"discount_value":0},{"product_id":28,"name":"Pip\u00ebza Te Zi p\u00ebr Pije (100Cp - Kompleti 20Cp)","quantity":1,"sold_by_package":true,"pieces_per_package":20,"unit_price":"0.55","total_price":11,"discount_amount":0,"discount_type":null,"discount_value":0},{"product_id":29,"name":"Pip\u00ebza Color p\u00ebr Pije (100Cp - Kompleti 20Cp)","quantity":1,"sold_by_package":true,"pieces_per_package":20,"unit_price":"0.55","total_price":11,"discount_amount":0,"discount_type":null,"discount_value":0}],"totals":{"total_items":30,"subtotal":279.79999999999995,"discount_amount":0,"discount_type":null,"discount_value":0,"total_amount":279.79999999999995}}','ruajtur','2026-02-17 13:31:22','2026-02-17 13:31:22',0,NULL,279.8000000000000113,0,NULL,0,'810092213',0,NULL,NULL,NULL,NULL,NULL,NULL,NULL,NULL,NULL);
INSERT INTO orders VALUES(38,10,'GT-20260217-407TMUG','Gjiganti','Euro Gjiganit L.L.C','Ferizaj',NULL,NULL,30,279.8000000000000113,'{"items":[{"product_id":37,"name":"Gota Letre Per Kafe 2.5oz","quantity":1,"sold_by_package":true,"pieces_per_package":40,"unit_price":"0.38","total_price":15.2,"discount_amount":0,"discount_type":null,"discount_value":0},{"product_id":38,"name":"Gota Letre Per Kafe 3oz","quantity":2,"sold_by_package":true,"pieces_per_package":20,"unit_price":"0.40","total_price":16,"discount_amount":0,"discount_type":null,"discount_value":0},{"product_id":39,"name":"Gota Letre Per Kafe 4oz","quantity":2,"sold_by_package":true,"pieces_per_package":20,"unit_price":"0.45","total_price":18,"discount_amount":0,"discount_type":null,"discount_value":0},{"product_id":40,"name":"Gota Letre Per Kafe 7oz","quantity":2,"sold_by_package":true,"pieces_per_package":20,"unit_price":"0.48","total_price":19.2,"discount_amount":0,"discount_type":null,"discount_value":0},{"product_id":35,"name":"Luga Kafe E Bardh 10cp Kompleti","quantity":3,"sold_by_package":true,"pieces_per_package":10,"unit_price":"0.65","total_price":19.5,"discount_amount":0,"discount_type":null,"discount_value":0},{"product_id":4,"name":"Let\u00ebr Kuzhine NUSH 2 Shtresa","quantity":2,"sold_by_package":true,"pieces_per_package":12,"unit_price":"0.65","total_price":15.600000000000001,"discount_amount":0,"discount_type":null,"discount_value":0},{"product_id":22,"name":"Mbules\u00eb Tavoline LDP","quantity":1,"sold_by_package":true,"pieces_per_package":10,"unit_price":"0.75","total_price":7.5,"discount_amount":0,"discount_type":null,"discount_value":0},{"product_id":8,"name":"Kese Mbeturinash 40L","quantity":1,"sold_by_package":true,"pieces_per_package":20,"unit_price":"0.24","total_price":4.8,"discount_amount":0,"discount_type":null,"discount_value":0},{"product_id":9,"name":"Kese Mbeturinash 70L","quantity":1,"sold_by_package":true,"pieces_per_package":20,"unit_price":"0.27","total_price":5.4,"discount_amount":0,"discount_type":null,"discount_value":0},{"product_id":10,"name":"Kese Mbeturinash 120L","quantity":1,"sold_by_package":true,"pieces_per_package":20,"unit_price":"0.37","total_price":7.4,"discount_amount":0,"discount_type":null,"discount_value":0},{"product_id":11,"name":"Kese Mbeturinash 150L","quantity":1,"sold_by_package":true,"pieces_per_package":20,"unit_price":"0.45","total_price":9,"discount_amount":0,"discount_type":null,"discount_value":0},{"product_id":12,"name":"Kese Mbeturinash 170L","quantity":1,"sold_by_package":true,"pieces_per_package":20,"unit_price":"0.54","total_price":10.8,"discount_amount":0,"discount_type":null,"discount_value":0},{"product_id":13,"name":"Kese Mbeturinash 200L","quantity":1,"sold_by_package":true,"pieces_per_package":20,"unit_price":"0.60","total_price":12,"discount_amount":0,"discount_type":null,"discount_value":0},{"product_id":14,"name":"Kese Mbeturinash 240L","quantity":2,"sold_by_package":true,"pieces_per_package":20,"unit_price":"0.70","total_price":28,"discount_amount":0,"discount_type":null,"discount_value":0},{"product_id":15,"name":"Kese Mbeturinash 270L","quantity":2,"sold_by_package":true,"pieces_per_package":20,"unit_price":"0.73","total_price":29.2,"discount_amount":0,"discount_type":null,"discount_value":0},{"product_id":16,"name":"Kese Mbeturinash 300L","quantity":2,"sold_by_package":true,"pieces_per_package":20,"unit_price":"0.73","total_price":29.2,"discount_amount":0,"discount_type":null,"discount_value":0},{"product_id":43,"name":"Let\u00ebr Salvete","quantity":2,"sold_by_package":true,"pieces_per_package":8,"unit_price":null,"total_price":null,"discount_amount":0,"discount_type":null,"discount_value":0},{"product_id":27,"name":"Pip\u00ebza Transparente p\u00ebr Pije (100Cp - Kompleti 20Cp)","quantity":1,"sold_by_package":true,"pieces_per_package":20,"unit_price":"0.55","total_price":11,"discount_amount":0,"discount_type":null,"discount_value":0},{"product_id":28,"name":"Pip\u00ebza Te Zi p\u00ebr Pije (100Cp - Kompleti 20Cp)","quantity":1,"sold_by_package":true,"pieces_per_package":20,"unit_price":"0.55","total_price":11,"discount_amount":0,"discount_type":null,"discount_value":0},{"product_id":29,"name":"Pip\u00ebza Color p\u00ebr Pije (100Cp - Kompleti 20Cp)","quantity":1,"sold_by_package":true,"pieces_per_package":20,"unit_price":"0.55","total_price":11,"discount_amount":0,"discount_type":null,"discount_value":0}],"totals":{"total_items":30,"subtotal":279.79999999999995,"discount_amount":0,"discount_type":null,"discount_value":0,"total_amount":279.79999999999995}}','ruajtur','2026-02-17 13:35:55','2026-02-17 13:35:55',0,NULL,279.8000000000000113,0,NULL,0,'810092213',1,42.68171764167500015,237.1182823583299922,NULL,NULL,NULL,NULL,NULL,NULL,NULL);
INSERT INTO orders VALUES(39,10,'GT-20260217-873735B','Gjiganti','Euro Gjiganit L.L.C','Ferizaj',NULL,NULL,30,279.8000000000000113,'{"items":[{"product_id":37,"name":"Gota Letre Per Kafe 2.5oz","quantity":1,"sold_by_package":true,"pieces_per_package":40,"unit_price":"0.38","total_price":15.2,"discount_amount":0,"discount_type":null,"discount_value":0},{"product_id":38,"name":"Gota Letre Per Kafe 3oz","quantity":2,"sold_by_package":true,"pieces_per_package":20,"unit_price":"0.40","total_price":16,"discount_amount":0,"discount_type":null,"discount_value":0},{"product_id":39,"name":"Gota Letre Per Kafe 4oz","quantity":2,"sold_by_package":true,"pieces_per_package":20,"unit_price":"0.45","total_price":18,"discount_amount":0,"discount_type":null,"discount_value":0},{"product_id":40,"name":"Gota Letre Per Kafe 7oz","quantity":2,"sold_by_package":true,"pieces_per_package":20,"unit_price":"0.48","total_price":19.2,"discount_amount":0,"discount_type":null,"discount_value":0},{"product_id":35,"name":"Luga Kafe E Bardh 10cp Kompleti","quantity":3,"sold_by_package":true,"pieces_per_package":10,"unit_price":"0.65","total_price":19.5,"discount_amount":0,"discount_type":null,"discount_value":0},{"product_id":4,"name":"Let\u00ebr Kuzhine NUSH 2 Shtresa","quantity":2,"sold_by_package":true,"pieces_per_package":12,"unit_price":"0.65","total_price":15.600000000000001,"discount_amount":0,"discount_type":null,"discount_value":0},{"product_id":22,"name":"Mbules\u00eb Tavoline LDP","quantity":1,"sold_by_package":true,"pieces_per_package":10,"unit_price":"0.75","total_price":7.5,"discount_amount":0,"discount_type":null,"discount_value":0},{"product_id":8,"name":"Kese Mbeturinash 40L","quantity":1,"sold_by_package":true,"pieces_per_package":20,"unit_price":"0.24","total_price":4.8,"discount_amount":0,"discount_type":null,"discount_value":0},{"product_id":9,"name":"Kese Mbeturinash 70L","quantity":1,"sold_by_package":true,"pieces_per_package":20,"unit_price":"0.27","total_price":5.4,"discount_amount":0,"discount_type":null,"discount_value":0},{"product_id":10,"name":"Kese Mbeturinash 120L","quantity":1,"sold_by_package":true,"pieces_per_package":20,"unit_price":"0.37","total_price":7.4,"discount_amount":0,"discount_type":null,"discount_value":0},{"product_id":11,"name":"Kese Mbeturinash 150L","quantity":1,"sold_by_package":true,"pieces_per_package":20,"unit_price":"0.45","total_price":9,"discount_amount":0,"discount_type":null,"discount_value":0},{"product_id":12,"name":"Kese Mbeturinash 170L","quantity":1,"sold_by_package":true,"pieces_per_package":20,"unit_price":"0.54","total_price":10.8,"discount_amount":0,"discount_type":null,"discount_value":0},{"product_id":13,"name":"Kese Mbeturinash 200L","quantity":1,"sold_by_package":true,"pieces_per_package":20,"unit_price":"0.60","total_price":12,"discount_amount":0,"discount_type":null,"discount_value":0},{"product_id":14,"name":"Kese Mbeturinash 240L","quantity":2,"sold_by_package":true,"pieces_per_package":20,"unit_price":"0.70","total_price":28,"discount_amount":0,"discount_type":null,"discount_value":0},{"product_id":15,"name":"Kese Mbeturinash 270L","quantity":2,"sold_by_package":true,"pieces_per_package":20,"unit_price":"0.73","total_price":29.2,"discount_amount":0,"discount_type":null,"discount_value":0},{"product_id":16,"name":"Kese Mbeturinash 300L","quantity":2,"sold_by_package":true,"pieces_per_package":20,"unit_price":"0.73","total_price":29.2,"discount_amount":0,"discount_type":null,"discount_value":0},{"product_id":43,"name":"Let\u00ebr Salvete","quantity":2,"sold_by_package":true,"pieces_per_package":8,"unit_price":null,"total_price":null,"discount_amount":0,"discount_type":null,"discount_value":0},{"product_id":27,"name":"Pip\u00ebza Transparente p\u00ebr Pije (100Cp - Kompleti 20Cp)","quantity":1,"sold_by_package":true,"pieces_per_package":20,"unit_price":"0.55","total_price":11,"discount_amount":0,"discount_type":null,"discount_value":0},{"product_id":28,"name":"Pip\u00ebza Te Zi p\u00ebr Pije (100Cp - Kompleti 20Cp)","quantity":1,"sold_by_package":true,"pieces_per_package":20,"unit_price":"0.55","total_price":11,"discount_amount":0,"discount_type":null,"discount_value":0},{"product_id":29,"name":"Pip\u00ebza Color p\u00ebr Pije (100Cp - Kompleti 20Cp)","quantity":1,"sold_by_package":true,"pieces_per_package":20,"unit_price":"0.55","total_price":11,"discount_amount":0,"discount_type":null,"discount_value":0}],"totals":{"total_items":30,"subtotal":279.79999999999995,"discount_amount":0,"discount_type":null,"discount_value":0,"total_amount":279.79999999999995}}','ruajtur','2026-02-17 13:36:04','2026-02-17 13:36:04',0,NULL,279.8000000000000113,0,NULL,0,'810092213',1,42.68171764167500015,237.1182823583299922,NULL,NULL,NULL,NULL,NULL,NULL,NULL);
INSERT INTO orders VALUES(40,NULL,'GT-20260217-029O9DE','Valon Sylejmani','braha','Ferizaj','+41766870450','+41766870450',1,NULL,'{"items":[{"product_id":13,"name":"Kese Mbeturinash 200L","quantity":1,"sold_by_package":true,"pieces_per_package":20,"unit_price":null,"total_price":null,"discount_amount":0,"discount_type":null,"discount_value":0}],"totals":{"total_items":1,"subtotal":0,"discount_amount":0,"discount_type":null,"discount_value":0,"total_amount":null}}','ruajtur','2026-02-17 22:37:55','2026-02-17 22:37:55',0,NULL,0,0,NULL,0,'80008009',0,NULL,NULL,NULL,NULL,NULL,NULL,NULL,NULL,NULL);
INSERT INTO orders VALUES(41,13,'GT-20260217-496H8AO','Adnani','Mango Market SH.P.K','Ferizaj',NULL,NULL,52,682.5,'{"items":[{"product_id":37,"name":"Gota Letre Per Kafe 2.5oz","quantity":1,"sold_by_package":true,"pieces_per_package":40,"unit_price":"0.55","total_price":22,"discount_amount":0,"discount_type":null,"discount_value":0},{"product_id":38,"name":"Gota Letre Per Kafe 3oz","quantity":2,"sold_by_package":true,"pieces_per_package":20,"unit_price":"0.60","total_price":24,"discount_amount":0,"discount_type":null,"discount_value":0},{"product_id":39,"name":"Gota Letre Per Kafe 4oz","quantity":1,"sold_by_package":true,"pieces_per_package":20,"unit_price":"0.65","total_price":13,"discount_amount":0,"discount_type":null,"discount_value":0},{"product_id":40,"name":"Gota Letre Per Kafe 7oz","quantity":2,"sold_by_package":true,"pieces_per_package":20,"unit_price":"0.75","total_price":30,"discount_amount":0,"discount_type":null,"discount_value":0},{"product_id":35,"name":"Luga Kafe E Bardh 10cp Kompleti","quantity":5,"sold_by_package":true,"pieces_per_package":10,"unit_price":"0.80","total_price":40,"discount_amount":0,"discount_type":null,"discount_value":0},{"product_id":4,"name":"Let\u00ebr Kuzhine NUSH 2 Shtresa","quantity":5,"sold_by_package":true,"pieces_per_package":12,"unit_price":"0.75","total_price":45,"discount_amount":0,"discount_type":null,"discount_value":0},{"product_id":22,"name":"Mbules\u00eb Tavoline LDP","quantity":5,"sold_by_package":true,"pieces_per_package":10,"unit_price":"0.75","total_price":37.5,"discount_amount":0,"discount_type":null,"discount_value":0},{"product_id":8,"name":"Kese Mbeturinash 40L","quantity":2,"sold_by_package":true,"pieces_per_package":20,"unit_price":"0.40","total_price":16,"discount_amount":0,"discount_type":null,"discount_value":0},{"product_id":9,"name":"Kese Mbeturinash 70L","quantity":2,"sold_by_package":true,"pieces_per_package":20,"unit_price":"0.55","total_price":22,"discount_amount":0,"discount_type":null,"discount_value":0},{"product_id":10,"name":"Kese Mbeturinash 120L","quantity":2,"sold_by_package":true,"pieces_per_package":20,"unit_price":"0.65","total_price":26,"discount_amount":0,"discount_type":null,"discount_value":0},{"product_id":11,"name":"Kese Mbeturinash 150L","quantity":2,"sold_by_package":true,"pieces_per_package":20,"unit_price":"0.75","total_price":30,"discount_amount":0,"discount_type":null,"discount_value":0},{"product_id":12,"name":"Kese Mbeturinash 170L","quantity":2,"sold_by_package":true,"pieces_per_package":20,"unit_price":"0.85","total_price":34,"discount_amount":0,"discount_type":null,"discount_value":0},{"product_id":13,"name":"Kese Mbeturinash 200L","quantity":2,"sold_by_package":true,"pieces_per_package":20,"unit_price":"0.95","total_price":38,"discount_amount":0,"discount_type":null,"discount_value":0},{"product_id":14,"name":"Kese Mbeturinash 240L","quantity":3,"sold_by_package":true,"pieces_per_package":20,"unit_price":"1.00","total_price":60,"discount_amount":0,"discount_type":null,"discount_value":0},{"product_id":15,"name":"Kese Mbeturinash 270L","quantity":3,"sold_by_package":true,"pieces_per_package":20,"unit_price":"1.20","total_price":72,"discount_amount":0,"discount_type":null,"discount_value":0},{"product_id":16,"name":"Kese Mbeturinash 300L","quantity":5,"sold_by_package":true,"pieces_per_package":20,"unit_price":"1.30","total_price":130,"discount_amount":0,"discount_type":null,"discount_value":0},{"product_id":43,"name":"Let\u00ebr Salvete","quantity":5,"sold_by_package":true,"pieces_per_package":8,"unit_price":"0.25","total_price":10,"discount_amount":0,"discount_type":null,"discount_value":0},{"product_id":27,"name":"Pip\u00ebza Transparente p\u00ebr Pije (100Cp - Kompleti 20Cp)","quantity":1,"sold_by_package":true,"pieces_per_package":20,"unit_price":"0.55","total_price":11,"discount_amount":0,"discount_type":null,"discount_value":0},{"product_id":28,"name":"Pip\u00ebza Te Zi p\u00ebr Pije (100Cp - Kompleti 20Cp)","quantity":1,"sold_by_package":true,"pieces_per_package":20,"unit_price":"0.55","total_price":11,"discount_amount":0,"discount_type":null,"discount_value":0},{"product_id":29,"name":"Pip\u00ebza Color p\u00ebr Pije (100Cp - Kompleti 20Cp)","quantity":1,"sold_by_package":true,"pieces_per_package":20,"unit_price":"0.55","total_price":11,"discount_amount":0,"discount_type":null,"discount_value":0}],"totals":{"total_items":52,"subtotal":682.5,"discount_amount":0,"discount_type":null,"discount_value":0,"total_amount":682.5}}','ruajtur','2026-02-17 22:52:38','2026-02-17 22:52:38',0,NULL,682.5,0,NULL,0,'811002233',1,104.1110517885699949,578.3889482114300335,NULL,NULL,NULL,NULL,NULL,NULL,NULL);
INSERT INTO orders VALUES(42,13,'GT-20260217-628NVCF','Adnani','Mango Market SH.P.K','Ferizaj',NULL,NULL,52,682.5,'{"items":[{"product_id":37,"name":"Gota Letre Per Kafe 2.5oz","quantity":1,"sold_by_package":true,"pieces_per_package":40,"unit_price":"0.55","total_price":22,"discount_amount":0,"discount_type":null,"discount_value":0},{"product_id":38,"name":"Gota Letre Per Kafe 3oz","quantity":2,"sold_by_package":true,"pieces_per_package":20,"unit_price":"0.60","total_price":24,"discount_amount":0,"discount_type":null,"discount_value":0},{"product_id":39,"name":"Gota Letre Per Kafe 4oz","quantity":1,"sold_by_package":true,"pieces_per_package":20,"unit_price":"0.65","total_price":13,"discount_amount":0,"discount_type":null,"discount_value":0},{"product_id":40,"name":"Gota Letre Per Kafe 7oz","quantity":2,"sold_by_package":true,"pieces_per_package":20,"unit_price":"0.75","total_price":30,"discount_amount":0,"discount_type":null,"discount_value":0},{"product_id":35,"name":"Luga Kafe E Bardh 10cp Kompleti","quantity":5,"sold_by_package":true,"pieces_per_package":10,"unit_price":"0.80","total_price":40,"discount_amount":0,"discount_type":null,"discount_value":0},{"product_id":4,"name":"Let\u00ebr Kuzhine NUSH 2 Shtresa","quantity":5,"sold_by_package":true,"pieces_per_package":12,"unit_price":"0.75","total_price":45,"discount_amount":0,"discount_type":null,"discount_value":0},{"product_id":22,"name":"Mbules\u00eb Tavoline LDP","quantity":5,"sold_by_package":true,"pieces_per_package":10,"unit_price":"0.75","total_price":37.5,"discount_amount":0,"discount_type":null,"discount_value":0},{"product_id":8,"name":"Kese Mbeturinash 40L","quantity":2,"sold_by_package":true,"pieces_per_package":20,"unit_price":"0.40","total_price":16,"discount_amount":0,"discount_type":null,"discount_value":0},{"product_id":9,"name":"Kese Mbeturinash 70L","quantity":2,"sold_by_package":true,"pieces_per_package":20,"unit_price":"0.55","total_price":22,"discount_amount":0,"discount_type":null,"discount_value":0},{"product_id":10,"name":"Kese Mbeturinash 120L","quantity":2,"sold_by_package":true,"pieces_per_package":20,"unit_price":"0.65","total_price":26,"discount_amount":0,"discount_type":null,"discount_value":0},{"product_id":11,"name":"Kese Mbeturinash 150L","quantity":2,"sold_by_package":true,"pieces_per_package":20,"unit_price":"0.75","total_price":30,"discount_amount":0,"discount_type":null,"discount_value":0},{"product_id":12,"name":"Kese Mbeturinash 170L","quantity":2,"sold_by_package":true,"pieces_per_package":20,"unit_price":"0.85","total_price":34,"discount_amount":0,"discount_type":null,"discount_value":0},{"product_id":13,"name":"Kese Mbeturinash 200L","quantity":2,"sold_by_package":true,"pieces_per_package":20,"unit_price":"0.95","total_price":38,"discount_amount":0,"discount_type":null,"discount_value":0},{"product_id":14,"name":"Kese Mbeturinash 240L","quantity":3,"sold_by_package":true,"pieces_per_package":20,"unit_price":"1.00","total_price":60,"discount_amount":0,"discount_type":null,"discount_value":0},{"product_id":15,"name":"Kese Mbeturinash 270L","quantity":3,"sold_by_package":true,"pieces_per_package":20,"unit_price":"1.20","total_price":72,"discount_amount":0,"discount_type":null,"discount_value":0},{"product_id":16,"name":"Kese Mbeturinash 300L","quantity":5,"sold_by_package":true,"pieces_per_package":20,"unit_price":"1.30","total_price":130,"discount_amount":0,"discount_type":null,"discount_value":0},{"product_id":43,"name":"Let\u00ebr Salvete","quantity":5,"sold_by_package":true,"pieces_per_package":8,"unit_price":"0.25","total_price":10,"discount_amount":0,"discount_type":null,"discount_value":0},{"product_id":27,"name":"Pip\u00ebza Transparente p\u00ebr Pije (100Cp - Kompleti 20Cp)","quantity":1,"sold_by_package":true,"pieces_per_package":20,"unit_price":"0.55","total_price":11,"discount_amount":0,"discount_type":null,"discount_value":0},{"product_id":28,"name":"Pip\u00ebza Te Zi p\u00ebr Pije (100Cp - Kompleti 20Cp)","quantity":1,"sold_by_package":true,"pieces_per_package":20,"unit_price":"0.55","total_price":11,"discount_amount":0,"discount_type":null,"discount_value":0},{"product_id":29,"name":"Pip\u00ebza Color p\u00ebr Pije (100Cp - Kompleti 20Cp)","quantity":1,"sold_by_package":true,"pieces_per_package":20,"unit_price":"0.55","total_price":11,"discount_amount":0,"discount_type":null,"discount_value":0}],"totals":{"total_items":52,"subtotal":682.5,"discount_amount":0,"discount_type":null,"discount_value":0,"total_amount":682.5}}','ruajtur','2026-02-17 22:52:53','2026-02-17 22:52:53',0,NULL,682.5,0,NULL,0,'811002233',1,104.1110517885699949,578.3889482114300335,NULL,NULL,NULL,NULL,NULL,NULL,NULL);
INSERT INTO orders VALUES(43,2,'GT-20260219-171AFZM','Milaimi','Te Liridoni Sh.p.k','Ferizaj','+38344111222','+38344111222',50,517,'{"items":[{"product_id":8,"name":"Kese Mbeturinash 40L","quantity":5,"sold_by_package":true,"pieces_per_package":20,"unit_price":"0.22","total_price":22,"discount_amount":0,"discount_type":null,"discount_value":0},{"product_id":9,"name":"Kese Mbeturinash 70L","quantity":5,"sold_by_package":true,"pieces_per_package":20,"unit_price":"0.25","total_price":25,"discount_amount":0,"discount_type":null,"discount_value":0},{"product_id":10,"name":"Kese Mbeturinash 120L","quantity":5,"sold_by_package":true,"pieces_per_package":20,"unit_price":"0.35","total_price":35,"discount_amount":0,"discount_type":null,"discount_value":0},{"product_id":11,"name":"Kese Mbeturinash 150L","quantity":5,"sold_by_package":true,"pieces_per_package":20,"unit_price":"0.42","total_price":42,"discount_amount":0,"discount_type":null,"discount_value":0},{"product_id":12,"name":"Kese Mbeturinash 170L","quantity":5,"sold_by_package":true,"pieces_per_package":20,"unit_price":"0.53","total_price":53.00000000000001,"discount_amount":0,"discount_type":null,"discount_value":0},{"product_id":13,"name":"Kese Mbeturinash 200L","quantity":5,"sold_by_package":true,"pieces_per_package":20,"unit_price":"0.60","total_price":60,"discount_amount":0,"discount_type":null,"discount_value":0},{"product_id":14,"name":"Kese Mbeturinash 240L","quantity":5,"sold_by_package":true,"pieces_per_package":20,"unit_price":"0.70","total_price":70,"discount_amount":0,"discount_type":null,"discount_value":0},{"product_id":15,"name":"Kese Mbeturinash 270L","quantity":5,"sold_by_package":true,"pieces_per_package":20,"unit_price":"0.70","total_price":70,"discount_amount":0,"discount_type":null,"discount_value":0},{"product_id":16,"name":"Kese Mbeturinash 300L","quantity":10,"sold_by_package":true,"pieces_per_package":20,"unit_price":"0.70","total_price":140,"discount_amount":0,"discount_type":null,"discount_value":0}],"totals":{"total_items":50,"subtotal":517,"discount_amount":0,"discount_type":null,"discount_value":0,"total_amount":517}}','ruajtur','2026-02-19 06:56:58','2026-02-19 06:56:58',0,NULL,517,0,NULL,0,'811409300',0,NULL,NULL,NULL,NULL,NULL,NULL,NULL,NULL,NULL);
INSERT INTO orders VALUES(44,2,'GT-20260219-070OOFM','Milaimi','Te Liridoni Sh.p.k','Ferizaj','+38344111222','+38344111222',50,517,'{"items":[{"product_id":8,"name":"Kese Mbeturinash 40L","quantity":5,"sold_by_package":true,"pieces_per_package":20,"unit_price":"0.22","total_price":22,"discount_amount":0,"discount_type":null,"discount_value":0},{"product_id":9,"name":"Kese Mbeturinash 70L","quantity":5,"sold_by_package":true,"pieces_per_package":20,"unit_price":"0.25","total_price":25,"discount_amount":0,"discount_type":null,"discount_value":0},{"product_id":10,"name":"Kese Mbeturinash 120L","quantity":5,"sold_by_package":true,"pieces_per_package":20,"unit_price":"0.35","total_price":35,"discount_amount":0,"discount_type":null,"discount_value":0},{"product_id":11,"name":"Kese Mbeturinash 150L","quantity":5,"sold_by_package":true,"pieces_per_package":20,"unit_price":"0.42","total_price":42,"discount_amount":0,"discount_type":null,"discount_value":0},{"product_id":12,"name":"Kese Mbeturinash 170L","quantity":5,"sold_by_package":true,"pieces_per_package":20,"unit_price":"0.53","total_price":53.00000000000001,"discount_amount":0,"discount_type":null,"discount_value":0},{"product_id":13,"name":"Kese Mbeturinash 200L","quantity":5,"sold_by_package":true,"pieces_per_package":20,"unit_price":"0.60","total_price":60,"discount_amount":0,"discount_type":null,"discount_value":0},{"product_id":14,"name":"Kese Mbeturinash 240L","quantity":5,"sold_by_package":true,"pieces_per_package":20,"unit_price":"0.70","total_price":70,"discount_amount":0,"discount_type":null,"discount_value":0},{"product_id":15,"name":"Kese Mbeturinash 270L","quantity":5,"sold_by_package":true,"pieces_per_package":20,"unit_price":"0.70","total_price":70,"discount_amount":0,"discount_type":null,"discount_value":0},{"product_id":16,"name":"Kese Mbeturinash 300L","quantity":10,"sold_by_package":true,"pieces_per_package":20,"unit_price":"0.70","total_price":140,"discount_amount":0,"discount_type":null,"discount_value":0}],"totals":{"total_items":50,"subtotal":517,"discount_amount":0,"discount_type":null,"discount_value":0,"total_amount":517}}','ruajtur','2026-02-19 06:57:03','2026-02-19 06:57:03',0,NULL,517,0,NULL,0,'811409300',0,NULL,NULL,NULL,NULL,NULL,NULL,NULL,NULL,NULL);
INSERT INTO orders VALUES(45,2,'GT-20260219-8705A41','Milaimi','Te Liridoni Sh.p.k','Ferizaj','+38344111222','+38344111222',50,517,'{"items":[{"product_id":8,"name":"Kese Mbeturinash 40L","quantity":5,"sold_by_package":true,"pieces_per_package":20,"unit_price":"0.22","total_price":22,"discount_amount":0,"discount_type":null,"discount_value":0},{"product_id":9,"name":"Kese Mbeturinash 70L","quantity":5,"sold_by_package":true,"pieces_per_package":20,"unit_price":"0.25","total_price":25,"discount_amount":0,"discount_type":null,"discount_value":0},{"product_id":10,"name":"Kese Mbeturinash 120L","quantity":5,"sold_by_package":true,"pieces_per_package":20,"unit_price":"0.35","total_price":35,"discount_amount":0,"discount_type":null,"discount_value":0},{"product_id":11,"name":"Kese Mbeturinash 150L","quantity":5,"sold_by_package":true,"pieces_per_package":20,"unit_price":"0.42","total_price":42,"discount_amount":0,"discount_type":null,"discount_value":0},{"product_id":12,"name":"Kese Mbeturinash 170L","quantity":5,"sold_by_package":true,"pieces_per_package":20,"unit_price":"0.53","total_price":53.00000000000001,"discount_amount":0,"discount_type":null,"discount_value":0},{"product_id":13,"name":"Kese Mbeturinash 200L","quantity":5,"sold_by_package":true,"pieces_per_package":20,"unit_price":"0.60","total_price":60,"discount_amount":0,"discount_type":null,"discount_value":0},{"product_id":14,"name":"Kese Mbeturinash 240L","quantity":5,"sold_by_package":true,"pieces_per_package":20,"unit_price":"0.70","total_price":70,"discount_amount":0,"discount_type":null,"discount_value":0},{"product_id":15,"name":"Kese Mbeturinash 270L","quantity":5,"sold_by_package":true,"pieces_per_package":20,"unit_price":"0.70","total_price":70,"discount_amount":0,"discount_type":null,"discount_value":0},{"product_id":16,"name":"Kese Mbeturinash 300L","quantity":10,"sold_by_package":true,"pieces_per_package":20,"unit_price":"0.70","total_price":140,"discount_amount":0,"discount_type":null,"discount_value":0}],"totals":{"total_items":50,"subtotal":517,"discount_amount":0,"discount_type":null,"discount_value":0,"total_amount":517}}','ruajtur','2026-02-19 06:57:10','2026-02-19 06:57:10',0,NULL,517,0,NULL,0,'811409300',0,NULL,NULL,NULL,NULL,NULL,NULL,NULL,NULL,NULL);
INSERT INTO orders VALUES(46,2,'GT-20260220-055WHHC','Milaimi','Te Liridoni Sh.p.k','Ferizaj','+38344111222','+38344111222',34,264.6000000000000227,'{"items":[{"product_id":8,"name":"Kese Mbeturinash 40L","quantity":9,"sold_by_package":true,"pieces_per_package":20,"unit_price":"0.22","total_price":39.6,"discount_amount":0,"discount_type":null,"discount_value":0},{"product_id":9,"name":"Kese Mbeturinash 70L","quantity":5,"sold_by_package":true,"pieces_per_package":20,"unit_price":"0.25","total_price":25,"discount_amount":0,"discount_type":null,"discount_value":0},{"product_id":10,"name":"Kese Mbeturinash 120L","quantity":5,"sold_by_package":true,"pieces_per_package":20,"unit_price":"0.35","total_price":35,"discount_amount":0,"discount_type":null,"discount_value":0},{"product_id":11,"name":"Kese Mbeturinash 150L","quantity":5,"sold_by_package":true,"pieces_per_package":20,"unit_price":"0.42","total_price":42,"discount_amount":0,"discount_type":null,"discount_value":0},{"product_id":12,"name":"Kese Mbeturinash 170L","quantity":5,"sold_by_package":true,"pieces_per_package":20,"unit_price":"0.53","total_price":53.00000000000001,"discount_amount":0,"discount_type":null,"discount_value":0},{"product_id":16,"name":"Kese Mbeturinash 300L","quantity":5,"sold_by_package":true,"pieces_per_package":20,"unit_price":"0.70","total_price":70,"discount_amount":0,"discount_type":null,"discount_value":0}],"totals":{"total_items":34,"subtotal":264.6,"discount_amount":0,"discount_type":null,"discount_value":0,"total_amount":264.6}}','ruajtur','2026-02-20 22:58:28','2026-02-20 22:58:28',0,NULL,264.6000000000000227,0,NULL,0,'811409300',1,40.36305392418599781,224.2369460758100104,NULL,NULL,NULL,NULL,NULL,NULL,NULL);
INSERT INTO orders VALUES(47,2,'GT-20260220-305R8PM','Milaimi','Te Liridoni Sh.p.k','Ferizaj','+38344111222','+38344111222',34,264.6000000000000227,'{"items":[{"product_id":8,"name":"Kese Mbeturinash 40L","quantity":9,"sold_by_package":true,"pieces_per_package":20,"unit_price":"0.22","total_price":39.6,"discount_amount":0,"discount_type":null,"discount_value":0},{"product_id":9,"name":"Kese Mbeturinash 70L","quantity":5,"sold_by_package":true,"pieces_per_package":20,"unit_price":"0.25","total_price":25,"discount_amount":0,"discount_type":null,"discount_value":0},{"product_id":10,"name":"Kese Mbeturinash 120L","quantity":5,"sold_by_package":true,"pieces_per_package":20,"unit_price":"0.35","total_price":35,"discount_amount":0,"discount_type":null,"discount_value":0},{"product_id":11,"name":"Kese Mbeturinash 150L","quantity":5,"sold_by_package":true,"pieces_per_package":20,"unit_price":"0.42","total_price":42,"discount_amount":0,"discount_type":null,"discount_value":0},{"product_id":12,"name":"Kese Mbeturinash 170L","quantity":5,"sold_by_package":true,"pieces_per_package":20,"unit_price":"0.53","total_price":53.00000000000001,"discount_amount":0,"discount_type":null,"discount_value":0},{"product_id":16,"name":"Kese Mbeturinash 300L","quantity":5,"sold_by_package":true,"pieces_per_package":20,"unit_price":"0.70","total_price":70,"discount_amount":0,"discount_type":null,"discount_value":0}],"totals":{"total_items":34,"subtotal":264.6,"discount_amount":0,"discount_type":null,"discount_value":0,"total_amount":264.6}}','ruajtur','2026-02-20 22:58:32','2026-02-20 22:58:32',0,NULL,264.6000000000000227,0,NULL,0,'811409300',1,40.36305392418599781,224.2369460758100104,NULL,NULL,NULL,NULL,NULL,NULL,NULL);
INSERT INTO orders VALUES(48,2,'GT-20260221-213J0DF','Milaimi','Te Liridoni Sh.p.k','Ferizaj','+38344111222','+38344111222',34,264.6000000000000227,'{"items":[{"product_id":8,"name":"Kese Mbeturinash 40L","quantity":9,"sold_by_package":true,"pieces_per_package":20,"unit_price":"0.22","total_price":39.6,"discount_amount":0,"discount_type":null,"discount_value":0},{"product_id":9,"name":"Kese Mbeturinash 70L","quantity":5,"sold_by_package":true,"pieces_per_package":20,"unit_price":"0.25","total_price":25,"discount_amount":0,"discount_type":null,"discount_value":0},{"product_id":10,"name":"Kese Mbeturinash 120L","quantity":5,"sold_by_package":true,"pieces_per_package":20,"unit_price":"0.35","total_price":35,"discount_amount":0,"discount_type":null,"discount_value":0},{"product_id":11,"name":"Kese Mbeturinash 150L","quantity":5,"sold_by_package":true,"pieces_per_package":20,"unit_price":"0.42","total_price":42,"discount_amount":0,"discount_type":null,"discount_value":0},{"product_id":12,"name":"Kese Mbeturinash 170L","quantity":5,"sold_by_package":true,"pieces_per_package":20,"unit_price":"0.53","total_price":53.00000000000001,"discount_amount":0,"discount_type":null,"discount_value":0},{"product_id":16,"name":"Kese Mbeturinash 300L","quantity":5,"sold_by_package":true,"pieces_per_package":20,"unit_price":"0.70","total_price":70,"discount_amount":0,"discount_type":null,"discount_value":0}],"totals":{"total_items":34,"subtotal":264.6,"discount_amount":0,"discount_type":null,"discount_value":0,"total_amount":264.6}}','ruajtur','2026-02-20 23:37:56','2026-02-20 23:37:56',0,NULL,264.6000000000000227,0,NULL,0,'811409300',1,40.36305392418599781,224.2369460758100104,NULL,NULL,NULL,NULL,NULL,NULL,NULL);
INSERT INTO orders VALUES(49,14,'GT-20260301-2107XXU','svalon95@gmail.com','Valoni Shpk','Ferizaj','044 123 456','044 123 456',14,160,'{"items":[{"product_id":37,"name":"Gota Letre Per Kafe 2.5oz","quantity":2,"sold_by_package":true,"pieces_per_package":40,"unit_price":"0.35","total_price":28,"discount_amount":0,"discount_type":null,"discount_value":0},{"product_id":38,"name":"Gota Letre Per Kafe 3oz","quantity":4,"sold_by_package":true,"pieces_per_package":20,"unit_price":"0.45","total_price":36,"discount_amount":0,"discount_type":null,"discount_value":0},{"product_id":39,"name":"Gota Letre Per Kafe 4oz","quantity":4,"sold_by_package":true,"pieces_per_package":20,"unit_price":"0.55","total_price":44,"discount_amount":0,"discount_type":null,"discount_value":0},{"product_id":40,"name":"Gota Letre Per Kafe 7oz","quantity":4,"sold_by_package":true,"pieces_per_package":20,"unit_price":"0.65","total_price":52,"discount_amount":0,"discount_type":null,"discount_value":0}],"totals":{"total_items":14,"subtotal":160,"discount_amount":0,"discount_type":null,"discount_value":0,"total_amount":160}}','ruajtur','2026-03-01 18:40:03','2026-03-01 18:40:03',0,NULL,160,0,NULL,0,'811811811',1,24.4069864998859991,135.593013500110004,NULL,8,'Darani','Joe Biden',NULL,NULL,'Dardani-Ferizaj');
INSERT INTO orders VALUES(50,15,'GT-20260302-062OQ21','aron123@gmail.com','Aron Trade Sh.p.k','Kacanaik','044 223 334','044 223 334',5,70,'{"items":[{"product_id":37,"name":"Gota Letre Per Kafe 2.5oz","quantity":1,"sold_by_package":true,"pieces_per_package":40,"unit_price":"0.50","total_price":20,"discount_amount":0,"discount_type":null,"discount_value":0},{"product_id":38,"name":"Gota Letre Per Kafe 3oz","quantity":2,"sold_by_package":true,"pieces_per_package":20,"unit_price":"0.60","total_price":24,"discount_amount":0,"discount_type":null,"discount_value":0},{"product_id":39,"name":"Gota Letre Per Kafe 4oz","quantity":2,"sold_by_package":true,"pieces_per_package":20,"unit_price":"0.65","total_price":26,"discount_amount":0,"discount_type":null,"discount_value":0}],"totals":{"total_items":5,"subtotal":70,"discount_amount":0,"discount_type":null,"discount_value":0,"total_amount":70}}','ruajtur','2026-03-02 12:02:19','2026-03-02 12:02:19',0,NULL,70,0,NULL,0,'811221134',1,10.67805659369999915,59.32194340630000084,NULL,NULL,NULL,NULL,NULL,NULL,NULL);
CREATE TABLE IF NOT EXISTS "clients" ("id" integer primary key autoincrement not null, "name" varchar not null, "store_name" varchar, "city" varchar, "phone" varchar, "viber" varchar, "email" varchar, "notes" text, "is_active" tinyint(1) not null default ('1'), "created_at" datetime, "updated_at" datetime, "fiscal_number" varchar, "allow_piece_sales" tinyint(1) not null default ('0'), "deleted_at" datetime, "street_number" varchar, "unit" varchar, "password" varchar);
INSERT INTO clients VALUES(2,'Milaimi','Te Liridoni Sh.p.k','Ferizaj','+38344111222','+38344111222','liridoni123@gmail.com','Qmimet aktuale der me 25 Nentor 2025',1,'2025-11-26 08:31:55','2025-11-26 09:09:17','811409300',0,NULL,NULL,NULL,NULL);
INSERT INTO clients VALUES(3,'Linda','Dea Shop','Ferizaj','+3834412345678','+3834412345678',NULL,NULL,1,'2025-11-26 09:10:41','2025-11-26 09:10:41','810810810',0,NULL,NULL,NULL,NULL);
INSERT INTO clients VALUES(4,'A6','A6@i','Ferizaj',NULL,NULL,NULL,'Restorant Kafe',1,'2025-11-27 05:50:47','2025-11-28 17:09:37','88888888',0,NULL,NULL,NULL,NULL);
INSERT INTO clients VALUES(5,'Aroni','Restornat Aroni','Kaçanik',NULL,NULL,NULL,NULL,1,'2025-11-27 05:52:17','2025-11-27 05:59:43',NULL,1,NULL,NULL,NULL,NULL);
INSERT INTO clients VALUES(6,'Avasi','Avas S Sh.p.k','Shtime',NULL,NULL,NULL,NULL,1,'2025-11-27 09:02:21','2025-11-27 09:02:21','811849019',0,NULL,NULL,NULL,NULL);
INSERT INTO clients VALUES(7,'Plusi','Market Plus Sh.p.k','Ferizaj',NULL,NULL,NULL,NULL,1,'2025-11-28 06:19:36','2025-11-28 06:19:36','81008100',0,NULL,NULL,NULL,NULL);
INSERT INTO clients VALUES(8,'Eliab','Eli-Ab Sh.p.k','Ferizaj','044123432','+38344123432',NULL,NULL,1,'2025-11-28 07:11:33','2025-12-05 09:22:35','80008000',0,NULL,'Rruga Jon Biden','Pika 2',NULL);
INSERT INTO clients VALUES(9,'liridoni','Metro Market Sh.p.k','Ferizaj','044445566','+383445566',NULL,NULL,1,'2025-11-28 08:09:27','2025-11-28 08:09:27','8000001',0,NULL,NULL,NULL,NULL);
INSERT INTO clients VALUES(10,'Gjiganti','Euro Gjiganti L.L.C','Ferizaj',NULL,NULL,NULL,NULL,1,'2025-11-28 16:39:55','2026-02-19 06:42:21','810092213',0,NULL,NULL,NULL,NULL);
INSERT INTO clients VALUES(11,'EuroStore','Euro Store Sh.p.k','Prishtinë','044112233','+38344112233',NULL,NULL,1,'2025-12-02 08:28:05','2025-12-02 08:28:05','88889999',0,NULL,NULL,NULL,NULL);
INSERT INTO clients VALUES(12,'Krash','Krash Kafe B.I','Ferizaj',NULL,NULL,NULL,NULL,1,'2025-12-03 04:54:25','2025-12-03 04:54:25','81234567',0,NULL,NULL,NULL,NULL);
INSERT INTO clients VALUES(13,'Adnani','Mango Market SH.P.K','Ferizaj',NULL,NULL,NULL,NULL,1,'2026-02-17 22:44:45','2026-02-20 23:23:27','811002233',0,NULL,NULL,NULL,'$2y$12$NXqPE29oHC.cWg/z9DBLQepSog0MiopOAwMHD5ZyI11iuKCIHOTY.');
INSERT INTO clients VALUES(14,'svalon95@gmail.com','Valoni Shpk','Ferizaj','044 123 456','+383 44123456','svalon95@gmail.com',NULL,1,'2026-03-01 18:19:26','2026-03-01 18:35:25','811811811',0,NULL,NULL,NULL,'$2y$12$gZB04EfiiIbQfxtD5A4JLeYd61iHmPlosEEQq2a.OZX6K/7MuViF.');
INSERT INTO clients VALUES(15,'aron123@gmail.com','Aron Trade Sh.p.k','Kacanaik','044 223 334',NULL,'aron123@gmail.com',NULL,1,'2026-03-01 21:56:57','2026-03-01 21:58:23','811221134',0,NULL,NULL,NULL,'$2y$12$Sra9nSJAzN8dtUw3Q9ayvew6TAvcNHR97Ugb0Rs.DSKTEhy9c4Piq');
DELETE FROM sqlite_sequence;
INSERT INTO sqlite_sequence VALUES('migrations',51);
INSERT INTO sqlite_sequence VALUES('categories',7);
INSERT INTO sqlite_sequence VALUES('product_images',40);
INSERT INTO sqlite_sequence VALUES('users',2);
INSERT INTO sqlite_sequence VALUES('personal_access_tokens',28);
INSERT INTO sqlite_sequence VALUES('client_prices',246);
INSERT INTO sqlite_sequence VALUES('order_items',460);
INSERT INTO sqlite_sequence VALUES('products',45);
INSERT INTO sqlite_sequence VALUES('suppliers',3);
INSERT INTO sqlite_sequence VALUES('stock_receipts',24);
INSERT INTO sqlite_sequence VALUES('stock_movements',427);
INSERT INTO sqlite_sequence VALUES('supplier_invoices',23);
INSERT INTO sqlite_sequence VALUES('stock_receipt_items',84);
INSERT INTO sqlite_sequence VALUES('supplier_invoice_items',77);
INSERT INTO sqlite_sequence VALUES('orders',50);
INSERT INTO sqlite_sequence VALUES('client_locations',8);
INSERT INTO sqlite_sequence VALUES('clients',15);
CREATE UNIQUE INDEX "users_email_unique" on "users" ("email");
CREATE INDEX "sessions_user_id_index" on "sessions" ("user_id");
CREATE INDEX "sessions_last_activity_index" on "sessions" ("last_activity");
CREATE INDEX "jobs_queue_index" on "jobs" ("queue");
CREATE UNIQUE INDEX "failed_jobs_uuid_unique" on "failed_jobs" ("uuid");
CREATE UNIQUE INDEX "categories_slug_unique" on "categories" ("slug");
CREATE UNIQUE INDEX "client_prices_client_id_product_id_unique" on "client_prices" ("client_id", "product_id");
CREATE INDEX "personal_access_tokens_tokenable_type_tokenable_id_index" on "personal_access_tokens" ("tokenable_type", "tokenable_id");
CREATE UNIQUE INDEX "personal_access_tokens_token_unique" on "personal_access_tokens" ("token");
CREATE INDEX "personal_access_tokens_expires_at_index" on "personal_access_tokens" ("expires_at");
CREATE UNIQUE INDEX "products_slug_unique" on "products" ("slug");
CREATE UNIQUE INDEX "stock_receipts_receipt_number_unique" on "stock_receipts" ("receipt_number");
CREATE UNIQUE INDEX "supplier_invoices_invoice_number_unique" on "supplier_invoices" ("invoice_number");
CREATE UNIQUE INDEX "orders_order_number_unique" on "orders" ("order_number");
CREATE UNIQUE INDEX "clients_phone_unique" on "clients" ("phone");
CREATE UNIQUE INDEX "clients_email_unique" on "clients" ("email");
COMMIT;
